metier,libelle
professions-juridiques,"Avocats, notaires et professions juridiques"
experts-comptables,Experts-comptables et cabinets comptables
medecins,Médecins généralistes et spécialistes
dentistes,Dentistes
pharmacies,Pharmacies
infirmiers-sages-femmes,Infirmiers et sages-femmes
kines-reeducation,"Kinésithérapeutes, orthophonistes, podologues (rééducation)"
autres-praticiens-sante,"Autres praticiens de santé (psychologues, ostéopathes…)"
laboratoires-analyses,Laboratoires d'analyses médicales
ambulances,Ambulances
hopitaux-cliniques,Hôpitaux et cliniques
ehpad-hebergement-medicalise,EHPAD et hébergement des personnes âgées
aide-a-domicile,Aide à domicile
creches,Crèches et accueil de jeunes enfants
veterinaires,Vétérinaires
opticiens,Opticiens
architectes,Architectes
geometres,Géomètres-experts
bureaux-etudes,"Bureaux d'études, ingénierie et économistes de la construction"
controle-technique,"Contrôle technique, analyses et diagnostics"
agents-immobiliers,Agents immobiliers et administrateurs de biens
promoteurs-marchands-biens,Promoteurs immobiliers et marchands de biens
location-immobiliere,Location et gestion de biens immobiliers (SCI…)
holdings-sieges,Holdings et sièges sociaux
banques-credit,Banques et établissements de crédit
assurance,"Assurance (compagnies, agents et courtiers)"
gestion-patrimoine,"Gestion de patrimoine, courtage financier et gestion de fonds"
garages-carrosseries,"Garages, mécanique et carrosserie"
commerce-automobile,"Vente de véhicules, motos et pièces automobiles"
location-vehicules,Location de véhicules
taxis-vtc,Taxis et VTC
transport-routier,Transport routier de marchandises
demenageurs,Déménageurs
logistique-messagerie,"Logistique, entreposage, messagerie et livraison"
maconnerie-gros-oeuvre,"Maçonnerie, gros œuvre et construction de bâtiments"
travaux-publics,"Travaux publics, terrassement et démolition"
electriciens,Électriciens
plombiers-chauffagistes,"Plombiers, chauffagistes et climatisation"
menuisiers,"Menuisiers, serruriers et agenceurs"
peintres,Peintres et vitriers
platriers-isolation,"Plâtriers, plaquistes et isolation"
carreleurs-revetements,Carreleurs et revêtements de sols et murs
couvreurs-charpentiers,"Couvreurs, charpentiers et étancheurs"
finitions-batiment,Autres travaux spécialisés du bâtiment
paysagistes,Paysagistes
nettoyage,Nettoyage et propreté
securite-privee,Sécurité privée
interim-recrutement,"Intérim, recrutement et placement"
services-informatiques,"Services informatiques (ESN, développement, conseil)"
editeurs-logiciels,Éditeurs de logiciels
telecoms,Opérateurs de télécommunications
agences-communication,Agences de communication et relations publiques
agences-publicite,"Agences de publicité, régies et études de marché"
conseil-gestion,Conseil en gestion et management
design-graphisme,"Designers, graphistes et architectes d'intérieur"
photographes,Photographes
traducteurs,Traducteurs et interprètes
evenementiel-salons,"Organisateurs de salons, foires et congrès"
secretariat-domiciliation,"Secrétariat, domiciliation et centres d'appels"
agents-commerciaux,Agents commerciaux et intermédiaires du commerce
organismes-formation,Organismes de formation continue
cours-soutien-scolaire,"Soutien scolaire, cours et autres enseignements"
auto-ecoles,Auto-écoles
coiffeurs,Coiffeurs
esthetique,Instituts de beauté et soins du corps
boulangeries-patisseries,Boulangeries et pâtisseries
boucheries-charcuteries,Boucheries et charcuteries
commerces-alimentaires,"Épiceries, primeurs, cavistes et commerces alimentaires"
grande-distribution,"Supermarchés, hypermarchés et grands magasins"
tabac-presse,Tabac et presse
restaurants,Restaurants (y compris restauration rapide)
traiteurs-restauration-collective,Traiteurs et restauration collective
cafes-bars,Cafés et bars
hotels-hebergement,"Hôtels, campings et hébergement touristique"
agences-voyage,Agences de voyage et voyagistes
fleuristes,"Fleuristes, jardineries et animaleries"
habillement-chaussures,Magasins d'habillement et de chaussures
bijouteries,Bijouteries et horlogeries
equipement-maison,"Meubles, bricolage et équipement de la maison"
vente-distance,Vente à distance et e-commerce
pompes-funebres,Pompes funèbres
salles-sport-clubs,Salles de sport et clubs sportifs
arts-spectacle,Arts du spectacle et création artistique
production-audiovisuelle,Production audiovisuelle et musicale
edition-presse,Édition et presse
imprimeries,Imprimeries
agriculteurs-eleveurs,Agriculteurs et éleveurs
viticulture,Viticulteurs et vinification
mecanique-industrielle,"Mécanique industrielle, usinage et maintenance"
metallerie-chaudronnerie,Métallerie et chaudronnerie
