naf_rev2,secteur,libelle
01.11Z,agriculture,"Culture de céréales (à l'exception du riz), de légumineuses et de graines oléagineuses"
01.12Z,agriculture,Culture du riz
01.13Z,agriculture,"Culture de légumes, de melons, de racines et de tubercules"
01.14Z,agriculture,Culture de la canne à sucre
01.15Z,agriculture,Culture du tabac
01.16Z,agriculture,Culture de plantes à fibres
01.19Z,agriculture,Autres cultures non permanentes
01.21Z,agriculture,Culture de la vigne
01.22Z,agriculture,Culture de fruits tropicaux et subtropicaux
01.23Z,agriculture,Culture d'agrumes
01.24Z,agriculture,Culture de fruits à pépins et à noyau
01.25Z,agriculture,Culture d'autres fruits d'arbres ou d'arbustes et de fruits à coque
01.26Z,agriculture,Culture de fruits oléagineux
01.27Z,agriculture,Culture de plantes à boissons
01.28Z,agriculture,"Culture de plantes à épices, aromatiques, médicinales et pharmaceutiques"
01.29Z,agriculture,Autres cultures permanentes
01.30Z,agriculture,Reproduction de plantes
01.41Z,agriculture,Élevage de vaches laitières
01.42Z,agriculture,Élevage d'autres bovins et de buffles
01.43Z,agriculture,Élevage de chevaux et d'autres équidés
01.44Z,agriculture,Élevage de chameaux et d'autres camélidés
01.45Z,agriculture,Élevage d'ovins et de caprins
01.46Z,agriculture,Élevage de porcins
01.47Z,agriculture,Élevage de volailles
01.49Z,agriculture,Élevage d'autres animaux
01.50Z,agriculture,Culture et élevage associés
01.61Z,agriculture,Activités de soutien aux cultures
01.62Z,agriculture,Activités de soutien à la production animale
01.63Z,agriculture,Traitement primaire des récoltes
01.64Z,agriculture,Traitement des semences
01.70Z,agriculture,"Chasse, piégeage et services annexes"
02.10Z,agriculture,Sylviculture et autres activités forestières
02.20Z,agriculture,Exploitation forestière
02.30Z,agriculture,Récolte de produits forestiers non ligneux poussant à l'état sauvage
02.40Z,agriculture,Services de soutien à l'exploitation forestière
03.11Z,agriculture,Pêche en mer
03.12Z,agriculture,Pêche en eau douce
03.21Z,agriculture,Aquaculture en mer
03.22Z,agriculture,Aquaculture en eau douce
05.10Z,industrie,Extraction de houille
05.20Z,industrie,Extraction de lignite
06.10Z,industrie,Extraction de pétrole brut
06.20Z,industrie,Extraction de gaz naturel
07.10Z,industrie,Extraction de minerais de fer
07.21Z,industrie,Extraction de minerais d'uranium et de thorium
07.29Z,industrie,Extraction d'autres minerais de métaux non ferreux
08.11Z,industrie,"Extraction de pierres ornementales et de construction, de calcaire industriel, de gypse, de craie et d'ardoise"
08.12Z,industrie,"Exploitation de gravières et sablières, extraction d'argiles et de kaolin"
08.91Z,industrie,Extraction des minéraux chimiques et d'engrais minéraux
08.92Z,industrie,Extraction de tourbe
08.93Z,industrie,Production de sel
08.99Z,industrie,Autres activités extractives n.c.a.
09.10Z,industrie,Activités de soutien à l'extraction d'hydrocarbures
09.90Z,industrie,Activités de soutien aux autres industries extractives
10.11Z,agroalimentaire,Transformation et conservation de la viande de boucherie
10.12Z,agroalimentaire,Transformation et conservation de la viande de volaille
10.13A,agroalimentaire,Préparation industrielle de produits à base de viande
10.13B,agroalimentaire,Charcuterie
10.20Z,agroalimentaire,"Transformation et conservation de poisson, de crustacés et de mollusques"
10.31Z,agroalimentaire,Transformation et conservation de pommes de terre
10.32Z,agroalimentaire,Préparation de jus de fruits et légumes
10.39A,agroalimentaire,Autre transformation et conservation de légumes
10.39B,agroalimentaire,Transformation et conservation de fruits
10.41A,agroalimentaire,Fabrication d'huiles et graisses brutes
10.41B,agroalimentaire,Fabrication d'huiles et graisses raffinées
10.42Z,agroalimentaire,Fabrication de margarine et graisses comestibles similaires
10.51A,agroalimentaire,Fabrication de lait liquide et de produits frais
10.51B,agroalimentaire,Fabrication de beurre
10.51C,agroalimentaire,Fabrication de fromage
10.51D,agroalimentaire,Fabrication d'autres produits laitiers
10.52Z,agroalimentaire,Fabrication de glaces et sorbets
10.61A,agroalimentaire,Meunerie
10.61B,agroalimentaire,Autres activités du travail des grains
10.62Z,agroalimentaire,Fabrication de produits amylacés
10.71A,agroalimentaire,Fabrication industrielle de pain et de pâtisserie fraîche
10.71B,agroalimentaire,Cuisson de produits de boulangerie
10.71C,agroalimentaire,Boulangerie et boulangerie-pâtisserie
10.71D,agroalimentaire,Pâtisserie
10.72Z,agroalimentaire,"Fabrication de biscuits, biscottes et pâtisseries de conservation"
10.73Z,agroalimentaire,Fabrication de pâtes alimentaires
10.81Z,agroalimentaire,Fabrication de sucre
10.82Z,agroalimentaire,"Fabrication de cacao, chocolat et de produits de confiserie"
10.83Z,agroalimentaire,Transformation du thé et du café
10.84Z,agroalimentaire,Fabrication de condiments et assaisonnements
10.85Z,agroalimentaire,Fabrication de plats préparés
10.86Z,agroalimentaire,Fabrication d'aliments homogénéisés et diététiques
10.89Z,agroalimentaire,Fabrication d'autres produits alimentaires n.c.a.
10.91Z,agroalimentaire,Fabrication d'aliments pour animaux de ferme
10.92Z,agroalimentaire,Fabrication d'aliments pour animaux de compagnie
11.01Z,agroalimentaire,Production de boissons alcooliques distillées
11.02A,agroalimentaire,Fabrication de vins effervescents
11.02B,agroalimentaire,Vinification
11.03Z,agroalimentaire,Fabrication de cidre et de vins de fruits
11.04Z,agroalimentaire,Production d'autres boissons fermentées non distillées
11.05Z,agroalimentaire,Fabrication de bière
11.06Z,agroalimentaire,Fabrication de malt
11.07A,agroalimentaire,Industrie des eaux de table
11.07B,agroalimentaire,Production de boissons rafraîchissantes
12.00Z,agroalimentaire,Fabrication de produits à base de tabac
13.10Z,industrie,Préparation de fibres textiles et filature
13.20Z,industrie,Tissage
13.30Z,industrie,Ennoblissement textile
13.91Z,industrie,Fabrication d'étoffes à mailles
13.92Z,industrie,"Fabrication d'articles textiles, sauf habillement"
13.93Z,industrie,Fabrication de tapis et moquettes
13.94Z,industrie,"Fabrication de ficelles, cordes et filets"
13.95Z,industrie,"Fabrication de non-tissés, sauf habillement"
13.96Z,industrie,Fabrication d'autres textiles techniques et industriels
13.99Z,industrie,Fabrication d'autres textiles n.c.a.
14.11Z,industrie,Fabrication de vêtements en cuir
14.12Z,industrie,Fabrication de vêtements de travail
14.13Z,industrie,Fabrication de vêtements de dessus
14.14Z,industrie,Fabrication de vêtements de dessous
14.19Z,industrie,Fabrication d'autres vêtements et accessoires
14.20Z,industrie,Fabrication d'articles en fourrure
14.31Z,industrie,Fabrication d'articles chaussants à mailles
14.39Z,industrie,Fabrication d'autres articles à mailles
15.11Z,industrie,Apprêt et tannage des cuirs ; préparation et teinture des fourrures
15.12Z,industrie,"Fabrication d'articles de voyage, de maroquinerie et de sellerie"
15.20Z,industrie,Fabrication de chaussures
16.10A,industrie,"Sciage et rabotage du bois, hors imprégnation"
16.10B,industrie,Imprégnation du bois
16.21Z,industrie,Fabrication de placage et de panneaux de bois
16.22Z,industrie,Fabrication de parquets assemblés
16.23Z,industrie,Fabrication de charpentes et d'autres menuiseries
16.24Z,industrie,Fabrication d'emballages en bois
16.29Z,industrie,"Fabrication d'objets divers en bois ; fabrication d'objets en liège, vannerie et sparterie"
17.11Z,industrie,Fabrication de pâte à papier
17.12Z,industrie,Fabrication de papier et de carton
17.21A,industrie,Fabrication de carton ondulé
17.21B,industrie,Fabrication de cartonnages
17.21C,industrie,Fabrication d'emballages en papier
17.22Z,industrie,Fabrication d'articles en papier à usage sanitaire ou domestique
17.23Z,industrie,Fabrication d'articles de papeterie
17.24Z,industrie,Fabrication de papiers peints
17.29Z,industrie,Fabrication d'autres articles en papier ou en carton
18.11Z,industrie,Imprimerie de journaux
18.12Z,industrie,Autre imprimerie (labeur)
18.13Z,industrie,Activités de pré-presse
18.14Z,industrie,Reliure et activités connexes
18.20Z,industrie,Reproduction d'enregistrements
19.10Z,industrie,Cokéfaction
19.20Z,industrie,Raffinage du pétrole
20.11Z,industrie,Fabrication de gaz industriels
20.12Z,industrie,Fabrication de colorants et de pigments
20.13A,industrie,Enrichissement et retraitement de matières nucléaires
20.13B,industrie,Fabrication d'autres produits chimiques inorganiques de base n.c.a.
20.14Z,industrie,Fabrication d'autres produits chimiques organiques de base
20.15Z,industrie,Fabrication de produits azotés et d'engrais
20.16Z,industrie,Fabrication de matières plastiques de base
20.17Z,industrie,Fabrication de caoutchouc synthétique
20.20Z,industrie,Fabrication de pesticides et d'autres produits agrochimiques
20.30Z,industrie,"Fabrication de peintures, vernis, encres et mastics"
20.41Z,industrie,"Fabrication de savons, détergents et produits d'entretien"
20.42Z,industrie,Fabrication de parfums et de produits pour la toilette
20.51Z,industrie,Fabrication de produits explosifs
20.52Z,industrie,Fabrication de colles
20.53Z,industrie,Fabrication d'huiles essentielles
20.59Z,industrie,Fabrication d'autres produits chimiques n.c.a.
20.60Z,industrie,Fabrication de fibres artificielles ou synthétiques
21.10Z,industrie,Fabrication de produits pharmaceutiques de base
21.20Z,industrie,Fabrication de préparations pharmaceutiques
22.11Z,industrie,Fabrication et rechapage de pneumatiques
22.19Z,industrie,Fabrication d'autres articles en caoutchouc
22.21Z,industrie,"Fabrication de plaques, feuilles, tubes et profilés en matières plastiques"
22.22Z,industrie,Fabrication d'emballages en matières plastiques
22.23Z,industrie,Fabrication d'éléments en matières plastiques pour la construction
22.29A,industrie,Fabrication de pièces techniques à base de matières plastiques
22.29B,industrie,Fabrication de produits de consommation courante en matières plastiques
23.11Z,industrie,Fabrication de verre plat
23.12Z,industrie,Façonnage et transformation du verre plat
23.13Z,industrie,Fabrication de verre creux
23.14Z,industrie,Fabrication de fibres de verre
23.19Z,industrie,"Fabrication et façonnage d'autres articles en verre, y compris verre technique"
23.20Z,industrie,Fabrication de produits réfractaires
23.31Z,industrie,Fabrication de carreaux en céramique
23.32Z,industrie,"Fabrication de briques, tuiles et produits de construction, en terre cuite"
23.41Z,industrie,Fabrication d'articles céramiques à usage domestique ou ornemental
23.42Z,industrie,Fabrication d'appareils sanitaires en céramique
23.43Z,industrie,Fabrication d'isolateurs et pièces isolantes en céramique
23.44Z,industrie,Fabrication d'autres produits céramiques à usage technique
23.49Z,industrie,Fabrication d'autres produits céramiques
23.51Z,industrie,Fabrication de ciment
23.52Z,industrie,Fabrication de chaux et plâtre
23.61Z,industrie,Fabrication d'éléments en béton pour la construction
23.62Z,industrie,Fabrication d'éléments en plâtre pour la construction
23.63Z,industrie,Fabrication de béton prêt à l'emploi
23.64Z,industrie,Fabrication de mortiers et bétons secs
23.65Z,industrie,Fabrication d'ouvrages en fibre-ciment
23.69Z,industrie,"Fabrication d'autres ouvrages en béton, en ciment ou en plâtre"
23.70Z,industrie,"Taille, façonnage et finissage de pierres"
23.91Z,industrie,Fabrication de produits abrasifs
23.99Z,industrie,Fabrication d'autres produits minéraux non métalliques n.c.a.
24.10Z,industrie,Sidérurgie
24.20Z,industrie,"Fabrication de tubes, tuyaux, profilés creux et accessoires correspondants en acier"
24.31Z,industrie,Étirage à froid de barres
24.32Z,industrie,Laminage à froid de feuillards
24.33Z,industrie,Profilage à froid par formage ou pliage
24.34Z,industrie,Tréfilage à froid
24.41Z,industrie,Production de métaux précieux
24.42Z,industrie,Métallurgie de l'aluminium
24.43Z,industrie,"Métallurgie du plomb, du zinc ou de l'étain"
24.44Z,industrie,Métallurgie du cuivre
24.45Z,industrie,Métallurgie des autres métaux non ferreux
24.46Z,industrie,Élaboration et transformation de matières nucléaires
24.51Z,industrie,Fonderie de fonte
24.52Z,industrie,Fonderie d'acier
24.53Z,industrie,Fonderie de métaux légers
24.54Z,industrie,Fonderie d'autres métaux non ferreux
25.11Z,industrie,Fabrication de structures métalliques et de parties de structures
25.12Z,industrie,Fabrication de portes et fenêtres en métal
25.21Z,industrie,Fabrication de radiateurs et de chaudières pour le chauffage central
25.29Z,industrie,"Fabrication d'autres réservoirs, citernes et conteneurs métalliques"
25.30Z,industrie,"Fabrication de générateurs de vapeur, à l'exception des chaudières pour le chauffage central"
25.40Z,industrie,Fabrication d'armes et de munitions
25.50A,industrie,"Forge, estampage, matriçage ; métallurgie des poudres"
25.50B,industrie,"Découpage, emboutissage"
25.61Z,industrie,Traitement et revêtement des métaux
25.62A,industrie,Décolletage
25.62B,industrie,Mécanique industrielle
25.71Z,industrie,Fabrication de coutellerie
25.72Z,industrie,Fabrication de serrures et de ferrures
25.73A,industrie,Fabrication de moules et modèles
25.73B,industrie,Fabrication d'autres outillages
25.91Z,industrie,Fabrication de fûts et emballages métalliques similaires
25.92Z,industrie,Fabrication d'emballages métalliques légers
25.93Z,industrie,"Fabrication d'articles en fils métalliques, de chaînes et de ressorts"
25.94Z,industrie,Fabrication de vis et de boulons
25.99A,industrie,Fabrication d'articles métalliques ménagers
25.99B,industrie,Fabrication d'autres articles métalliques
26.11Z,industrie,Fabrication de composants électroniques
26.12Z,industrie,Fabrication de cartes électroniques assemblées
26.20Z,industrie,Fabrication d'ordinateurs et d'équipements périphériques
26.30Z,industrie,Fabrication d'équipements de communication
26.40Z,industrie,Fabrication de produits électroniques grand public
26.51A,industrie,Fabrication d'équipements d'aide à la navigation
26.51B,industrie,Fabrication d'instrumentation scientifique et technique
26.52Z,industrie,Horlogerie
26.60Z,industrie,"Fabrication d'équipements d'irradiation médicale, d'équipements électromédicaux et électrothérapeutiques"
26.70Z,industrie,Fabrication de matériels optique et photographique
26.80Z,industrie,Fabrication de supports magnétiques et optiques
27.11Z,industrie,"Fabrication de moteurs, génératrices et transformateurs électriques"
27.12Z,industrie,Fabrication de matériel de distribution et de commande électrique
27.20Z,industrie,Fabrication de piles et d'accumulateurs électriques
27.31Z,industrie,Fabrication de câbles de fibres optiques
27.32Z,industrie,Fabrication d'autres fils et câbles électroniques ou électriques
27.33Z,industrie,Fabrication de matériel d'installation électrique
27.40Z,industrie,Fabrication d'appareils d'éclairage électrique
27.51Z,industrie,Fabrication d'appareils électroménagers
27.52Z,industrie,Fabrication d'appareils ménagers non électriques
27.90Z,industrie,Fabrication d'autres matériels électriques
28.11Z,industrie,"Fabrication de moteurs et turbines, à l'exception des moteurs d'avions et de véhicules"
28.12Z,industrie,Fabrication d'équipements hydrauliques et pneumatiques
28.13Z,industrie,Fabrication d'autres pompes et compresseurs
28.14Z,industrie,Fabrication d'autres articles de robinetterie
28.15Z,industrie,Fabrication d'engrenages et d'organes mécaniques de transmission
28.21Z,industrie,Fabrication de fours et brûleurs
28.22Z,industrie,Fabrication de matériel de levage et de manutention
28.23Z,industrie,Fabrication de machines et d'équipements de bureau (à l'exception des ordinateurs et équipements périphériques)
28.24Z,industrie,Fabrication d'outillage portatif à moteur incorporé
28.25Z,industrie,Fabrication d'équipements aérauliques et frigorifiques industriels
28.29A,industrie,"Fabrication d'équipements d'emballage, de conditionnement et de pesage"
28.29B,industrie,Fabrication d'autres machines d'usage général
28.30Z,industrie,Fabrication de machines agricoles et forestières
28.41Z,industrie,Fabrication de machines-outils pour le travail des métaux
28.49Z,industrie,Fabrication d'autres machines-outils
28.91Z,industrie,Fabrication de machines pour la métallurgie
28.92Z,industrie,Fabrication de machines pour l'extraction ou la construction
28.93Z,industrie,Fabrication de machines pour l'industrie agro-alimentaire
28.94Z,industrie,Fabrication de machines pour les industries textiles
28.95Z,industrie,Fabrication de machines pour les industries du papier et du carton
28.96Z,industrie,Fabrication de machines pour le travail du caoutchouc ou des plastiques
28.99A,industrie,Fabrication de machines d'imprimerie
28.99B,industrie,Fabrication d'autres machines spécialisées
29.10Z,industrie,Construction de véhicules automobiles
29.20Z,industrie,Fabrication de carrosseries et remorques
29.31Z,industrie,Fabrication d'équipements électriques et électroniques automobiles
29.32Z,industrie,Fabrication d'autres équipements automobiles
30.11Z,industrie,Construction de navires et de structures flottantes
30.12Z,industrie,Construction de bateaux de plaisance
30.20Z,industrie,Construction de locomotives et d'autre matériel ferroviaire roulant
30.30Z,industrie,Construction aéronautique et spatiale
30.40Z,industrie,Construction de véhicules militaires de combat
30.91Z,industrie,Fabrication de motocycles
30.92Z,industrie,Fabrication de bicyclettes et de véhicules pour invalides
30.99Z,industrie,Fabrication d'autres équipements de transport n.c.a.
31.01Z,industrie,Fabrication de meubles de bureau et de magasin
31.02Z,industrie,Fabrication de meubles de cuisine
31.03Z,industrie,Fabrication de matelas
31.09A,industrie,Fabrication de sièges d'ameublement d'intérieur
31.09B,industrie,Fabrication d'autres meubles et industries connexes de l'ameublement
32.11Z,industrie,Frappe de monnaie
32.12Z,industrie,Fabrication d'articles de joaillerie et bijouterie
32.13Z,industrie,Fabrication d'articles de bijouterie fantaisie et articles similaires
32.20Z,industrie,Fabrication d'instruments de musique
32.30Z,industrie,Fabrication d'articles de sport
32.40Z,industrie,Fabrication de jeux et jouets
32.50A,industrie,Fabrication de matériel médico-chirurgical et dentaire
32.50B,industrie,Fabrication de lunettes
32.91Z,industrie,Fabrication d'articles de brosserie
32.99Z,industrie,Autres activités manufacturières n.c.a.
33.11Z,industrie,Réparation d'ouvrages en métaux
33.12Z,industrie,Réparation de machines et équipements mécaniques
33.13Z,industrie,Réparation de matériels électroniques et optiques
33.14Z,industrie,Réparation d'équipements électriques
33.15Z,industrie,Réparation et maintenance navale
33.16Z,industrie,Réparation et maintenance d'aéronefs et d'engins spatiaux
33.17Z,industrie,Réparation et maintenance d'autres équipements de transport
33.19Z,industrie,Réparation d'autres équipements
33.20A,industrie,"Installation de structures métalliques, chaudronnées et de tuyauterie"
33.20B,industrie,Installation de machines et équipements mécaniques
33.20C,industrie,Conception d'ensemble et assemblage sur site industriel d'équipements de contrôle des processus industriels
33.20D,industrie,"Installation d'équipements électriques, de matériels électroniques et optiques ou d'autres matériels"
35.11Z,energie,Production d'électricité
35.12Z,energie,Transport d'électricité
35.13Z,energie,Distribution d'électricité
35.14Z,energie,Commerce d'électricité
35.21Z,energie,Production de combustibles gazeux
35.22Z,energie,Distribution de combustibles gazeux par conduites
35.23Z,energie,Commerce de combustibles gazeux par conduites
35.30Z,energie,Production et distribution de vapeur et d'air conditionné
36.00Z,eau_dechets,"Captage, traitement et distribution d'eau"
37.00Z,eau_dechets,Collecte et traitement des eaux usées
38.11Z,eau_dechets,Collecte des déchets non dangereux
38.12Z,eau_dechets,Collecte des déchets dangereux
38.21Z,eau_dechets,Traitement et élimination des déchets non dangereux
38.22Z,eau_dechets,Traitement et élimination des déchets dangereux
38.31Z,eau_dechets,Démantèlement d'épaves
38.32Z,eau_dechets,Récupération de déchets triés
39.00Z,eau_dechets,Dépollution et autres services de gestion des déchets
41.10A,btp,Promotion immobilière de logements
41.10B,btp,Promotion immobilière de bureaux
41.10C,btp,Promotion immobilière d'autres bâtiments
41.10D,btp,Supports juridiques de programmes
41.20A,btp,Construction de maisons individuelles
41.20B,btp,Construction d'autres bâtiments
42.11Z,btp,Construction de routes et autoroutes
42.12Z,btp,Construction de voies ferrées de surface et souterraines
42.13A,btp,Construction d'ouvrages d'art
42.13B,btp,Construction et entretien de tunnels
42.21Z,btp,Construction de réseaux pour fluides
42.22Z,btp,Construction de réseaux électriques et de télécommunications
42.91Z,btp,Construction d'ouvrages maritimes et fluviaux
42.99Z,btp,Construction d'autres ouvrages de génie civil n.c.a.
43.11Z,btp,Travaux de démolition
43.12A,btp,Travaux de terrassement courants et travaux préparatoires
43.12B,btp,Travaux de terrassement spécialisés ou de grande masse
43.13Z,btp,Forages et sondages
43.21A,btp,Travaux d'installation électrique dans tous locaux
43.21B,btp,Travaux d'installation électrique sur la voie publique
43.22A,btp,Travaux d'installation d'eau et de gaz en tous locaux
43.22B,btp,Travaux d'installation d'équipements thermiques et de climatisation
43.29A,btp,Travaux d'isolation
43.29B,btp,Autres travaux d'installation n.c.a.
43.31Z,btp,Travaux de plâtrerie
43.32A,btp,Travaux de menuiserie bois et PVC
43.32B,btp,Travaux de menuiserie métallique et serrurerie
43.32C,btp,Agencement de lieux de vente
43.33Z,btp,Travaux de revêtement des sols et des murs
43.34Z,btp,Travaux de peinture et vitrerie
43.39Z,btp,Autres travaux de finition
43.91A,btp,Travaux de charpente
43.91B,btp,Travaux de couverture par éléments
43.99A,btp,Travaux d'étanchéification
43.99B,btp,Travaux de montage de structures métalliques
43.99C,btp,Travaux de maçonnerie générale et gros œuvre de bâtiment
43.99D,btp,Autres travaux spécialisés de construction
43.99E,btp,Location avec opérateur de matériel de construction
45.11Z,automobile,Commerce de voitures et de véhicules automobiles légers
45.19Z,automobile,Commerce d'autres véhicules automobiles
45.20A,automobile,Entretien et réparation de véhicules automobiles légers
45.20B,automobile,Entretien et réparation d'autres véhicules automobiles
45.31Z,automobile,Commerce de gros d'équipements automobiles
45.32Z,automobile,Commerce de détail d'équipements automobiles
45.40Z,automobile,Commerce et réparation de motocycles
46.11Z,commerce_gros,"Intermédiaires du commerce en matières premières agricoles, animaux vivants, matières premières textiles et produits semi-finis"
46.12A,commerce_gros,Centrales d'achat de carburant
46.12B,commerce_gros,"Autres intermédiaires du commerce en combustibles, métaux, minéraux et produits chimiques"
46.13Z,commerce_gros,Intermédiaires du commerce en bois et matériaux de construction
46.14Z,commerce_gros,"Intermédiaires du commerce en machines, équipements industriels, navires et avions"
46.15Z,commerce_gros,"Intermédiaires du commerce en meubles, articles de ménage et quincaillerie"
46.16Z,commerce_gros,"Intermédiaires du commerce en textiles, habillement, fourrures, chaussures et articles en cuir"
46.17A,commerce_gros,Centrales d'achat alimentaires
46.17B,commerce_gros,"Autres intermédiaires du commerce en denrées, boissons et tabac"
46.18Z,commerce_gros,Intermédiaires spécialisés dans le commerce d'autres produits spécifiques
46.19A,commerce_gros,Centrales d'achat non alimentaires
46.19B,commerce_gros,Autres intermédiaires du commerce en produits divers
46.21Z,commerce_gros,"Commerce de gros (commerce interentreprises) de céréales, de tabac non manufacturé, de semences et d'aliments pour le bétail"
46.22Z,commerce_gros,Commerce de gros (commerce interentreprises) de fleurs et plantes
46.23Z,commerce_gros,Commerce de gros (commerce interentreprises) d'animaux vivants
46.24Z,commerce_gros,Commerce de gros (commerce interentreprises) de cuirs et peaux
46.31Z,commerce_gros,Commerce de gros (commerce interentreprises) de fruits et légumes
46.32A,commerce_gros,Commerce de gros (commerce interentreprises) de viandes de boucherie
46.32B,commerce_gros,Commerce de gros (commerce interentreprises) de produits à base de viande
46.32C,commerce_gros,Commerce de gros (commerce interentreprises) de volailles et gibier
46.33Z,commerce_gros,"Commerce de gros (commerce interentreprises) de produits laitiers, œufs, huiles et matières grasses comestibles"
46.34Z,commerce_gros,Commerce de gros (commerce interentreprises) de boissons
46.35Z,commerce_gros,Commerce de gros (commerce interentreprises) de produits à base de tabac
46.36Z,commerce_gros,"Commerce de gros (commerce interentreprises) de sucre, chocolat et confiserie"
46.37Z,commerce_gros,"Commerce de gros (commerce interentreprises) de café, thé, cacao et épices"
46.38A,commerce_gros,"Commerce de gros (commerce interentreprises) de poissons, crustacés et mollusques"
46.38B,commerce_gros,Commerce de gros (commerce interentreprises) alimentaire spécialisé divers
46.39A,commerce_gros,Commerce de gros (commerce interentreprises) de produits surgelés
46.39B,commerce_gros,Commerce de gros (commerce interentreprises) alimentaire non spécialisé
46.41Z,commerce_gros,Commerce de gros (commerce interentreprises) de textiles
46.42Z,commerce_gros,Commerce de gros (commerce interentreprises) d'habillement et de chaussures
46.43Z,commerce_gros,Commerce de gros (commerce interentreprises) d'appareils électroménagers
46.44Z,commerce_gros,"Commerce de gros (commerce interentreprises) de vaisselle, verrerie et produits d'entretien"
46.45Z,commerce_gros,Commerce de gros (commerce interentreprises) de parfumerie et de produits de beauté
46.46Z,commerce_gros,Commerce de gros (commerce interentreprises) de produits pharmaceutiques
46.47Z,commerce_gros,"Commerce de gros (commerce interentreprises) de meubles, de tapis et d'appareils d'éclairage"
46.48Z,commerce_gros,Commerce de gros (commerce interentreprises) d'articles d'horlogerie et de bijouterie
46.49Z,commerce_gros,Commerce de gros (commerce interentreprises) d'autres biens domestiques
46.51Z,commerce_gros,"Commerce de gros (commerce interentreprises) d'ordinateurs, d'équipements informatiques périphériques et de logiciels"
46.52Z,commerce_gros,Commerce de gros (commerce interentreprises) de composants et d'équipements électroniques et de télécommunication
46.61Z,commerce_gros,Commerce de gros (commerce interentreprises) de matériel agricole
46.62Z,commerce_gros,Commerce de gros (commerce interentreprises) de machines-outils
46.63Z,commerce_gros,"Commerce de gros (commerce interentreprises) de machines pour l'extraction, la construction et le génie civil"
46.64Z,commerce_gros,Commerce de gros (commerce interentreprises) de machines pour l'industrie textile et l'habillement
46.65Z,commerce_gros,Commerce de gros (commerce interentreprises) de mobilier de bureau
46.66Z,commerce_gros,Commerce de gros (commerce interentreprises) d'autres machines et équipements de bureau
46.69A,commerce_gros,Commerce de gros (commerce interentreprises) de matériel électrique
46.69B,commerce_gros,Commerce de gros (commerce interentreprises) de fournitures et équipements industriels divers
46.69C,commerce_gros,Commerce de gros (commerce interentreprises) de fournitures et équipements divers pour le commerce et les services
46.71Z,commerce_gros,Commerce de gros (commerce interentreprises) de combustibles et de produits annexes
46.72Z,commerce_gros,Commerce de gros (commerce interentreprises) de minerais et métaux
46.73A,commerce_gros,Commerce de gros (commerce interentreprises) de bois et de matériaux de construction
46.73B,commerce_gros,Commerce de gros (commerce interentreprises) d'appareils sanitaires et de produits de décoration
46.74A,commerce_gros,Commerce de gros (commerce interentreprises) de quincaillerie
46.74B,commerce_gros,Commerce de gros (commerce interentreprises) de fournitures pour la plomberie et le chauffage
46.75Z,commerce_gros,Commerce de gros (commerce interentreprises) de produits chimiques
46.76Z,commerce_gros,Commerce de gros (commerce interentreprises) d'autres produits intermédiaires
46.77Z,commerce_gros,Commerce de gros (commerce interentreprises) de déchets et débris
46.90Z,commerce_gros,Commerce de gros (commerce interentreprises) non spécialisé
47.11A,commerce_detail,Commerce de détail de produits surgelés
47.11B,commerce_detail,Commerce d'alimentation générale
47.11C,commerce_detail,Supérettes
47.11D,commerce_detail,Supermarchés
47.11E,commerce_detail,Magasins multi-commerces
47.11F,commerce_detail,Hypermarchés
47.19A,commerce_detail,Grands magasins
47.19B,commerce_detail,Autres commerces de détail en magasin non spécialisé
47.21Z,commerce_detail,Commerce de détail de fruits et légumes en magasin spécialisé
47.22Z,commerce_detail,Commerce de détail de viandes et de produits à base de viande en magasin spécialisé
47.23Z,commerce_detail,"Commerce de détail de poissons, crustacés et mollusques en magasin spécialisé"
47.24Z,commerce_detail,"Commerce de détail de pain, pâtisserie et confiserie en magasin spécialisé"
47.25Z,commerce_detail,Commerce de détail de boissons en magasin spécialisé
47.26Z,commerce_detail,Commerce de détail de produits à base de tabac en magasin spécialisé
47.29Z,commerce_detail,Autres commerces de détail alimentaires en magasin spécialisé
47.30Z,commerce_detail,Commerce de détail de carburants en magasin spécialisé
47.41Z,commerce_detail,"Commerce de détail d'ordinateurs, d'unités périphériques et de logiciels en magasin spécialisé"
47.42Z,commerce_detail,Commerce de détail de matériels de télécommunication en magasin spécialisé
47.43Z,commerce_detail,Commerce de détail de matériels audio et vidéo en magasin spécialisé
47.51Z,commerce_detail,Commerce de détail de textiles en magasin spécialisé
47.52A,commerce_detail,"Commerce de détail de quincaillerie, peintures et verres en petites surfaces (moins de 400 m²)"
47.52B,commerce_detail,"Commerce de détail de quincaillerie, peintures et verres en grandes surfaces (400 m² et plus)"
47.53Z,commerce_detail,"Commerce de détail de tapis, moquettes et revêtements de murs et de sols en magasin spécialisé"
47.54Z,commerce_detail,Commerce de détail d'appareils électroménagers en magasin spécialisé
47.59A,commerce_detail,Commerce de détail de meubles
47.59B,commerce_detail,Commerce de détail d'autres équipements du foyer
47.61Z,commerce_detail,Commerce de détail de livres en magasin spécialisé
47.62Z,commerce_detail,Commerce de détail de journaux et papeterie en magasin spécialisé
47.63Z,commerce_detail,Commerce de détail d'enregistrements musicaux et vidéo en magasin spécialisé
47.64Z,commerce_detail,Commerce de détail d'articles de sport en magasin spécialisé
47.65Z,commerce_detail,Commerce de détail de jeux et jouets en magasin spécialisé
47.71Z,commerce_detail,Commerce de détail d'habillement en magasin spécialisé
47.72A,commerce_detail,Commerce de détail de la chaussure
47.72B,commerce_detail,Commerce de détail de maroquinerie et d'articles de voyage
47.73Z,commerce_detail,Commerce de détail de produits pharmaceutiques en magasin spécialisé
47.74Z,commerce_detail,Commerce de détail d'articles médicaux et orthopédiques en magasin spécialisé
47.75Z,commerce_detail,Commerce de détail de parfumerie et de produits de beauté en magasin spécialisé
47.76Z,commerce_detail,"Commerce de détail de fleurs, plantes, graines, engrais, animaux de compagnie et aliments pour ces animaux en magasin spécialisé"
47.77Z,commerce_detail,Commerce de détail d'articles d'horlogerie et de bijouterie en magasin spécialisé
47.78A,commerce_detail,Commerces de détail d'optique
47.78B,commerce_detail,Commerces de détail de charbons et combustibles
47.78C,commerce_detail,Autres commerces de détail spécialisés divers
47.79Z,commerce_detail,Commerce de détail de biens d'occasion en magasin
47.81Z,commerce_detail,Commerce de détail alimentaire sur éventaires et marchés
47.82Z,commerce_detail,"Commerce de détail de textiles, d'habillement et de chaussures sur éventaires et marchés"
47.89Z,commerce_detail,Autres commerces de détail sur éventaires et marchés
47.91A,commerce_detail,Vente à distance sur catalogue général
47.91B,commerce_detail,Vente à distance sur catalogue spécialisé
47.99A,commerce_detail,Vente à domicile
47.99B,commerce_detail,"Vente par automates et autres commerces de détail hors magasin, éventaires ou marchés n.c.a."
49.10Z,transport_logistique,Transport ferroviaire interurbain de voyageurs
49.20Z,transport_logistique,Transports ferroviaires de fret
49.31Z,transport_logistique,Transports urbains et suburbains de voyageurs
49.32Z,transport_logistique,Transports de voyageurs par taxis
49.39A,transport_logistique,Transports routiers réguliers de voyageurs
49.39B,transport_logistique,Autres transports routiers de voyageurs
49.39C,transport_logistique,Téléphériques et remontées mécaniques
49.41A,transport_logistique,Transports routiers de fret interurbains
49.41B,transport_logistique,Transports routiers de fret de proximité
49.41C,transport_logistique,Location de camions avec chauffeur
49.42Z,transport_logistique,Services de déménagement
49.50Z,transport_logistique,Transports par conduites
50.10Z,transport_logistique,Transports maritimes et côtiers de passagers
50.20Z,transport_logistique,Transports maritimes et côtiers de fret
50.30Z,transport_logistique,Transports fluviaux de passagers
50.40Z,transport_logistique,Transports fluviaux de fret
51.10Z,transport_logistique,Transports aériens de passagers
51.21Z,transport_logistique,Transports aériens de fret
51.22Z,transport_logistique,Transports spatiaux
52.10A,transport_logistique,Entreposage et stockage frigorifique
52.10B,transport_logistique,Entreposage et stockage non frigorifique
52.21Z,transport_logistique,Services auxiliaires des transports terrestres
52.22Z,transport_logistique,Services auxiliaires des transports par eau
52.23Z,transport_logistique,Services auxiliaires des transports aériens
52.24A,transport_logistique,Manutention portuaire
52.24B,transport_logistique,Manutention non portuaire
52.29A,transport_logistique,"Messagerie, fret express"
52.29B,transport_logistique,Affrètement et organisation des transports
53.10Z,transport_logistique,Activités de poste dans le cadre d'une obligation de service universel
53.20Z,transport_logistique,Autres activités de poste et de courrier
55.10Z,hebergement_tourisme,Hôtels et hébergement similaire
55.20Z,hebergement_tourisme,Hébergement touristique et autre hébergement de courte durée
55.30Z,hebergement_tourisme,Terrains de camping et parcs pour caravanes ou véhicules de loisirs
55.90Z,hebergement_tourisme,Autres hébergements
56.10A,restauration,Restauration traditionnelle
56.10B,restauration,Cafétérias et autres libres-services
56.10C,restauration,Restauration de type rapide
56.21Z,restauration,Services des traiteurs
56.29A,restauration,Restauration collective sous contrat
56.29B,restauration,Autres services de restauration n.c.a.
56.30Z,restauration,Débits de boissons
58.11Z,edition_medias,Édition de livres
58.12Z,edition_medias,Édition de répertoires et de fichiers d'adresses
58.13Z,edition_medias,Édition de journaux
58.14Z,edition_medias,Édition de revues et périodiques
58.19Z,edition_medias,Autres activités d'édition
58.21Z,numerique_telecoms,Édition de jeux électroniques
58.29A,numerique_telecoms,Édition de logiciels système et de réseau
58.29B,numerique_telecoms,Édition de logiciels outils de développement et de langages
58.29C,numerique_telecoms,Édition de logiciels applicatifs
59.11A,edition_medias,Production de films et de programmes pour la télévision
59.11B,edition_medias,Production de films institutionnels et publicitaires
59.11C,edition_medias,Production de films pour le cinéma
59.12Z,edition_medias,"Post-production de films cinématographiques, de vidéo et de programmes de télévision"
59.13A,edition_medias,Distribution de films cinématographiques
59.13B,edition_medias,Édition et distribution vidéo
59.14Z,edition_medias,Projection de films cinématographiques
59.20Z,edition_medias,Enregistrement sonore et édition musicale
60.10Z,edition_medias,Édition et diffusion de programmes radio
60.20A,edition_medias,Édition de chaînes généralistes
60.20B,edition_medias,Édition de chaînes thématiques
61.10Z,numerique_telecoms,Télécommunications filaires
61.20Z,numerique_telecoms,Télécommunications sans fil
61.30Z,numerique_telecoms,Télécommunications par satellite
61.90Z,numerique_telecoms,Autres activités de télécommunication
62.01Z,numerique_telecoms,Programmation informatique
62.02A,numerique_telecoms,Conseil en systèmes et logiciels informatiques
62.02B,numerique_telecoms,Tierce maintenance de systèmes et d'applications informatiques
62.03Z,numerique_telecoms,Gestion d'installations informatiques
62.09Z,numerique_telecoms,Autres activités informatiques
63.11Z,numerique_telecoms,"Traitement de données, hébergement et activités connexes"
63.12Z,numerique_telecoms,Portails Internet
63.91Z,numerique_telecoms,Activités des agences de presse
63.99Z,numerique_telecoms,Autres services d'information n.c.a.
64.11Z,banque_finance,Activités de banque centrale
64.19Z,banque_finance,Autres intermédiations monétaires
64.20Z,banque_finance,Activités des sociétés holding
64.30Z,banque_finance,Fonds de placement et entités financières similaires
64.91Z,banque_finance,Crédit-bail
64.92Z,banque_finance,Autre distribution de crédit
64.99Z,banque_finance,"Autres activités des services financiers, hors assurance et caisses de retraite, n.c.a."
65.11Z,assurance,Assurance vie
65.12Z,assurance,Autres assurances
65.20Z,assurance,Réassurance
65.30Z,assurance,Caisses de retraite
66.11Z,banque_finance,Administration de marchés financiers
66.12Z,banque_finance,Courtage de valeurs mobilières et de marchandises
66.19A,banque_finance,Supports juridiques de gestion de patrimoine mobilier
66.19B,banque_finance,"Autres activités auxiliaires de services financiers, hors assurance et caisses de retraite, n.c.a."
66.21Z,assurance,Évaluation des risques et dommages
66.22Z,assurance,Activités des agents et courtiers d'assurances
66.29Z,assurance,Autres activités auxiliaires d'assurance et de caisses de retraite
66.30Z,banque_finance,Gestion de fonds
68.10Z,immobilier,Activités des marchands de biens immobiliers
68.20A,immobilier,Location de logements
68.20B,immobilier,Location de terrains et d'autres biens immobiliers
68.31Z,immobilier,Agences immobilières
68.32A,immobilier,Administration d'immeubles et autres biens immobiliers
68.32B,immobilier,Supports juridiques de gestion de patrimoine immobilier
69.10Z,droit,Activités juridiques
69.20Z,comptabilite_audit,Activités comptables
70.10Z,conseil_management,Activités des sièges sociaux
70.21Z,conseil_management,Conseil en relations publiques et communication
70.22Z,conseil_management,Conseil pour les affaires et autres conseils de gestion
71.11Z,architecture_ingenierie,Activités d'architecture
71.12A,architecture_ingenierie,Activité des géomètres
71.12B,architecture_ingenierie,"Ingénierie, études techniques"
71.20A,architecture_ingenierie,Contrôle technique automobile
71.20B,architecture_ingenierie,"Analyses, essais et inspections techniques"
72.11Z,recherche_developpement,Recherche-développement en biotechnologie
72.19Z,recherche_developpement,Recherche-développement en autres sciences physiques et naturelles
72.20Z,recherche_developpement,Recherche-développement en sciences humaines et sociales
73.11Z,marketing_publicite,Activités des agences de publicité
73.12Z,marketing_publicite,Régie publicitaire de médias
73.20Z,marketing_publicite,Études de marché et sondages
74.10Z,services_specialises,Activités spécialisées de design
74.20Z,services_specialises,Activités photographiques
74.30Z,services_specialises,Traduction et interprétation
74.90A,services_specialises,Activité des économistes de la construction
74.90B,services_specialises,"Activités spécialisées, scientifiques et techniques diverses"
75.00Z,sante,Activités vétérinaires
77.11A,services_entreprises,Location de courte durée de voitures et de véhicules automobiles légers
77.11B,services_entreprises,Location de longue durée de voitures et de véhicules automobiles légers
77.12Z,services_entreprises,Location et location-bail de camions
77.21Z,services_entreprises,Location et location-bail d'articles de loisirs et de sport
77.22Z,services_entreprises,Location de vidéocassettes et disques vidéo
77.29Z,services_entreprises,Location et location-bail d'autres biens personnels et domestiques
77.31Z,services_entreprises,Location et location-bail de machines et équipements agricoles
77.32Z,services_entreprises,Location et location-bail de machines et équipements pour la construction
77.33Z,services_entreprises,Location et location-bail de machines de bureau et de matériel informatique
77.34Z,services_entreprises,Location et location-bail de matériels de transport par eau
77.35Z,services_entreprises,Location et location-bail de matériels de transport aérien
77.39Z,services_entreprises,"Location et location-bail d'autres machines, équipements et biens matériels n.c.a."
77.40Z,services_entreprises,"Location-bail de propriété intellectuelle et de produits similaires, à l'exception des œuvres soumises à copyright"
78.10Z,services_entreprises,Activités des agences de placement de main-d'œuvre
78.20Z,services_entreprises,Activités des agences de travail temporaire
78.30Z,services_entreprises,Autre mise à disposition de ressources humaines
79.11Z,hebergement_tourisme,Activités des agences de voyage
79.12Z,hebergement_tourisme,Activités des voyagistes
79.90Z,hebergement_tourisme,Autres services de réservation et activités connexes
80.10Z,services_entreprises,Activités de sécurité privée
80.20Z,services_entreprises,Activités liées aux systèmes de sécurité
80.30Z,services_entreprises,Activités d'enquête
81.10Z,services_entreprises,Activités combinées de soutien lié aux bâtiments
81.21Z,services_entreprises,Nettoyage courant des bâtiments
81.22Z,services_entreprises,Autres activités de nettoyage des bâtiments et nettoyage industriel
81.29A,services_entreprises,"Désinfection, désinsectisation, dératisation"
81.29B,services_entreprises,Autres activités de nettoyage n.c.a.
81.30Z,services_entreprises,Services d'aménagement paysager
82.11Z,services_entreprises,Services administratifs combinés de bureau
82.19Z,services_entreprises,"Photocopie, préparation de documents et autres activités spécialisées de soutien de bureau"
82.20Z,services_entreprises,Activités de centres d'appels
82.30Z,services_entreprises,"Organisation de foires, salons professionnels et congrès"
82.91Z,services_entreprises,Activités des agences de recouvrement de factures et des sociétés d'information financière sur la clientèle
82.92Z,services_entreprises,Activités de conditionnement
82.99Z,services_entreprises,Autres activités de soutien aux entreprises n.c.a.
84.11Z,administration_publique,Administration publique générale
84.12Z,administration_publique,"Administration publique (tutelle) de la santé, de la formation, de la culture et des services sociaux, autre que sécurité sociale"
84.13Z,administration_publique,Administration publique (tutelle) des activités économiques
84.21Z,administration_publique,Affaires étrangères
84.22Z,administration_publique,Défense
84.23Z,administration_publique,Justice
84.24Z,administration_publique,Activités d'ordre public et de sécurité
84.25Z,administration_publique,Services du feu et de secours
84.30A,administration_publique,Activités générales de sécurité sociale
84.30B,administration_publique,Gestion des retraites complémentaires
84.30C,administration_publique,Distribution sociale de revenus
85.10Z,enseignement_formation,Enseignement pré-primaire
85.20Z,enseignement_formation,Enseignement primaire
85.31Z,enseignement_formation,Enseignement secondaire général
85.32Z,enseignement_formation,Enseignement secondaire technique ou professionnel
85.41Z,enseignement_formation,Enseignement post-secondaire non supérieur
85.42Z,enseignement_formation,Enseignement supérieur
85.51Z,enseignement_formation,Enseignement de disciplines sportives et d'activités de loisirs
85.52Z,enseignement_formation,Enseignement culturel
85.53Z,enseignement_formation,Enseignement de la conduite
85.59A,enseignement_formation,Formation continue d'adultes
85.59B,enseignement_formation,Autres enseignements
85.60Z,enseignement_formation,Activités de soutien à l'enseignement
86.10Z,sante,Activités hospitalières
86.21Z,sante,Activité des médecins généralistes
86.22A,sante,Activités de radiodiagnostic et de radiothérapie
86.22B,sante,Activités chirurgicales
86.22C,sante,Autres activités des médecins spécialistes
86.23Z,sante,Pratique dentaire
86.90A,sante,Ambulances
86.90B,sante,Laboratoires d'analyses médicales
86.90C,sante,Centres de collecte et banques d'organes
86.90D,sante,Activités des infirmiers et des sages-femmes
86.90E,sante,"Activités des professionnels de la rééducation, de l'appareillage et des pédicures-podologues"
86.90F,sante,Activités de santé humaine non classées ailleurs
87.10A,medico_social,Hébergement médicalisé pour personnes âgées
87.10B,medico_social,Hébergement médicalisé pour enfants handicapés
87.10C,medico_social,Hébergement médicalisé pour adultes handicapés et autre hébergement médicalisé
87.20A,medico_social,Hébergement social pour handicapés mentaux et malades mentaux
87.20B,medico_social,Hébergement social pour toxicomanes
87.30A,medico_social,Hébergement social pour personnes âgées
87.30B,medico_social,Hébergement social pour handicapés physiques
87.90A,medico_social,Hébergement social pour enfants en difficultés
87.90B,medico_social,Hébergement social pour adultes et familles en difficultés et autre hébergement social
88.10A,medico_social,Aide à domicile
88.10B,medico_social,Accueil ou accompagnement sans hébergement d'adultes handicapés ou de personnes âgées
88.10C,medico_social,Aide par le travail
88.91A,medico_social,Accueil de jeunes enfants
88.91B,medico_social,Accueil ou accompagnement sans hébergement d'enfants handicapés
88.99A,medico_social,Autre accueil ou accompagnement sans hébergement d'enfants et d'adolescents
88.99B,medico_social,Action sociale sans hébergement n.c.a.
90.01Z,culture_sport_loisirs,Arts du spectacle vivant
90.02Z,culture_sport_loisirs,Activités de soutien au spectacle vivant
90.03A,culture_sport_loisirs,Création artistique relevant des arts plastiques
90.03B,culture_sport_loisirs,Autre création artistique
90.04Z,culture_sport_loisirs,Gestion de salles de spectacles
91.01Z,culture_sport_loisirs,Gestion des bibliothèques et des archives
91.02Z,culture_sport_loisirs,Gestion des musées
91.03Z,culture_sport_loisirs,Gestion des sites et monuments historiques et des attractions touristiques similaires
91.04Z,culture_sport_loisirs,Gestion des jardins botaniques et zoologiques et des réserves naturelles
92.00Z,culture_sport_loisirs,Organisation de jeux de hasard et d'argent
93.11Z,culture_sport_loisirs,Gestion d'installations sportives
93.12Z,culture_sport_loisirs,Activités de clubs de sports
93.13Z,culture_sport_loisirs,Activités des centres de culture physique
93.19Z,culture_sport_loisirs,Autres activités liées au sport
93.21Z,culture_sport_loisirs,Activités des parcs d'attractions et parcs à thèmes
93.29Z,culture_sport_loisirs,Autres activités récréatives et de loisirs
94.11Z,non_classe,Activités des organisations patronales et consulaires
94.12Z,non_classe,Activités des organisations professionnelles
94.20Z,non_classe,Activités des syndicats de salariés
94.91Z,non_classe,Activités des organisations religieuses
94.92Z,non_classe,Activités des organisations politiques
94.99Z,non_classe,Autres organisations fonctionnant par adhésion volontaire
95.11Z,services_personne,Réparation d'ordinateurs et d'équipements périphériques
95.12Z,services_personne,Réparation d'équipements de communication
95.21Z,services_personne,Réparation de produits électroniques grand public
95.22Z,services_personne,Réparation d'appareils électroménagers et d'équipements pour la maison et le jardin
95.23Z,services_personne,Réparation de chaussures et d'articles en cuir
95.24Z,services_personne,Réparation de meubles et d'équipements du foyer
95.25Z,services_personne,Réparation d'articles d'horlogerie et de bijouterie
95.29Z,services_personne,Réparation d'autres biens personnels et domestiques
96.01A,services_personne,Blanchisserie-teinturerie de gros
96.01B,services_personne,Blanchisserie-teinturerie de détail
96.02A,services_personne,Coiffure
96.02B,services_personne,Soins de beauté
96.03Z,services_personne,Services funéraires
96.04Z,services_personne,Entretien corporel
96.09Z,services_personne,Autres services personnels n.c.a.
97.00Z,services_personne,Activités des ménages en tant qu'employeurs de personnel domestique
98.10Z,services_personne,Activités indifférenciées des ménages en tant que producteurs de biens pour usage propre
98.20Z,services_personne,Activités indifférenciées des ménages en tant que producteurs de services pour usage propre
99.00Z,administration_publique,Activités des organisations et organismes extraterritoriaux
