division_rev1,secteur
01,agriculture
02,agriculture
05,agriculture
10,industrie
11,industrie
12,industrie
13,industrie
14,industrie
15,agroalimentaire
16,agroalimentaire
17,industrie
18,industrie
19,industrie
20,industrie
21,industrie
22,industrie
23,industrie
24,industrie
25,industrie
26,industrie
27,industrie
28,industrie
29,industrie
30,industrie
31,industrie
32,industrie
33,industrie
34,industrie
35,industrie
36,industrie
37,eau_dechets
40,energie
41,eau_dechets
45,btp
50,automobile
51,commerce_gros
52,commerce_detail
55,restauration
60,transport_logistique
61,transport_logistique
62,transport_logistique
63,transport_logistique
64,numerique_telecoms
65,banque_finance
66,assurance
67,banque_finance
70,immobilier
71,services_entreprises
72,numerique_telecoms
73,recherche_developpement
74,services_entreprises
75,administration_publique
80,enseignement_formation
85,medico_social
90,eau_dechets
91,non_classe
92,culture_sport_loisirs
93,services_personne
95,services_personne
96,services_personne
97,services_personne
99,administration_publique
