naf_rev1,naf_rev2,secteur,secteurs_possibles
01.1A,01.11Z,agriculture,agriculture
01.1C,01.13Z,agriculture,agriculture
01.1D,01.13Z,agriculture,agriculture
01.1F,01.26Z,agriculture,agriculture
01.1G,01.21Z,agriculture,agriculture
01.2A,01.42Z,agriculture,agriculture
01.2C,01.45Z,agriculture,agriculture
01.2E,01.46Z,agriculture,agriculture
01.2G,01.47Z,agriculture,agriculture
01.2J,01.49Z,agriculture,agriculture
01.3Z,01.50Z,agriculture,agriculture
01.4A,01.61Z,agriculture,agriculture
01.4B,81.30Z,services_entreprises,services_entreprises
01.4D,01.62Z,agriculture,agriculture
01.5Z,01.70Z,agriculture,agriculture
02.0A,02.10Z,agriculture,agriculture
02.0B,02.20Z,agriculture,agriculture
02.0D,02.40Z,agriculture,agriculture
05.0A,03.11Z,agriculture,agriculture
05.0C,03.22Z,agriculture,agriculture
10.1Z,05.10Z,industrie,industrie
10.2Z,05.20Z,industrie,industrie
10.3Z,08.92Z,industrie,industrie
11.1Z,06.10Z,industrie,industrie
11.2Z,09.10Z,industrie,industrie
12.0Z,07.21Z,industrie,industrie
13.1Z,07.10Z,industrie,industrie
13.2Z,07.29Z,industrie,industrie
14.1A,08.11Z,industrie,industrie
14.1C,08.11Z,industrie,industrie
14.1E,08.11Z,industrie,industrie
14.2A,08.12Z,industrie,industrie
14.2C,08.12Z,industrie,industrie
14.3Z,08.91Z,industrie,industrie
14.4Z,08.93Z,industrie,industrie
14.5Z,08.99Z,industrie,industrie
15.1A,10.11Z,agroalimentaire,agroalimentaire
15.1C,10.12Z,agroalimentaire,agroalimentaire
15.1E,10.13A,agroalimentaire,agroalimentaire
15.1F,10.13B,agroalimentaire,agroalimentaire
15.2Z,10.20Z,agroalimentaire,agroalimentaire
15.3A,10.31Z,agroalimentaire,agroalimentaire
15.3C,10.32Z,agroalimentaire,agroalimentaire
15.3E,10.39A,agroalimentaire,agroalimentaire
15.3F,10.39B,agroalimentaire,agroalimentaire
15.4A,10.41A,agroalimentaire,agroalimentaire
15.4C,10.41B,agroalimentaire,agroalimentaire
15.4E,10.42Z,agroalimentaire,agroalimentaire
15.5A,10.51A,agroalimentaire,agroalimentaire
15.5B,10.51B,agroalimentaire,agroalimentaire
15.5C,10.51C,agroalimentaire,agroalimentaire
15.5D,10.51D,agroalimentaire,agroalimentaire
15.5F,10.52Z,agroalimentaire,agroalimentaire
15.6A,10.61A,agroalimentaire,agroalimentaire
15.6B,10.61B,agroalimentaire,agroalimentaire
15.6D,10.62Z,agroalimentaire,agroalimentaire
15.7A,10.91Z,agroalimentaire,agroalimentaire
15.7C,10.92Z,agroalimentaire,agroalimentaire
15.8A,10.71A,agroalimentaire,agroalimentaire
15.8B,10.71B,agroalimentaire,agroalimentaire
15.8C,10.71C,agroalimentaire,agroalimentaire
15.8D,10.71D,agroalimentaire,agroalimentaire
15.8F,10.72Z,agroalimentaire,agroalimentaire
15.8H,10.81Z,agroalimentaire,agroalimentaire
15.8K,10.82Z,agroalimentaire,agroalimentaire
15.8M,10.73Z,agroalimentaire,agroalimentaire
15.8P,10.83Z,agroalimentaire,agroalimentaire
15.8R,10.84Z,agroalimentaire,agroalimentaire
15.8T,10.86Z,agroalimentaire,agroalimentaire
15.8V,10.89Z,agroalimentaire,agroalimentaire
15.9A,11.01Z,agroalimentaire,agroalimentaire
15.9B,11.01Z,agroalimentaire,agroalimentaire
15.9D,11.01Z,agroalimentaire,agroalimentaire|industrie
15.9F,11.02A,agroalimentaire,agroalimentaire
15.9G,11.02B,agroalimentaire,agroalimentaire
15.9J,11.03Z,agroalimentaire,agroalimentaire
15.9L,11.04Z,agroalimentaire,agroalimentaire
15.9N,11.05Z,agroalimentaire,agroalimentaire
15.9Q,11.06Z,agroalimentaire,agroalimentaire
15.9S,11.07A,agroalimentaire,agroalimentaire
15.9T,11.07B,agroalimentaire,agroalimentaire
16.0Z,12.00Z,agroalimentaire,agroalimentaire
17.1A,13.10Z,industrie,industrie
17.1C,13.10Z,industrie,industrie
17.1E,13.10Z,industrie,industrie
17.1F,13.10Z,industrie,industrie
17.1H,13.10Z,industrie,industrie
17.1K,13.10Z,industrie,industrie
17.1M,13.10Z,industrie,industrie
17.1P,13.10Z,industrie,industrie
17.2A,13.20Z,industrie,industrie
17.2C,13.20Z,industrie,industrie
17.2E,13.20Z,industrie,industrie
17.2G,13.20Z,industrie,industrie
17.2J,13.20Z,industrie,industrie
17.3Z,13.30Z,industrie,industrie
17.4A,13.92Z,industrie,industrie
17.4B,13.92Z,industrie,industrie
17.4C,13.92Z,industrie,industrie
17.5A,13.93Z,industrie,industrie
17.5C,13.94Z,industrie,industrie
17.5E,13.95Z,industrie,industrie
17.5G,13.96Z,industrie,industrie
17.6Z,13.91Z,industrie,industrie
17.7A,14.31Z,industrie,industrie
17.7C,14.39Z,industrie,industrie
18.1Z,14.11Z,industrie,industrie
18.2A,14.12Z,industrie,industrie
18.2C,14.13Z,industrie,industrie
18.2D,14.13Z,industrie,industrie
18.2E,14.13Z,industrie,industrie
18.2G,14.14Z,industrie,industrie
18.2J,14.19Z,industrie,industrie
18.3Z,14.20Z,industrie,industrie
19.1Z,15.11Z,industrie,industrie
19.2Z,15.12Z,industrie,industrie
19.3Z,15.20Z,industrie,industrie
20.1A,16.10A,industrie,industrie
20.1B,16.10B,industrie,industrie
20.2Z,16.21Z,industrie,industrie
20.3Z,16.23Z,industrie,industrie
20.4Z,16.24Z,industrie,industrie
20.5A,16.29Z,industrie,industrie
20.5C,16.29Z,industrie,industrie
21.1A,17.11Z,industrie,industrie
21.1C,17.12Z,industrie,industrie
21.2A,17.21A,industrie,industrie
21.2B,17.21B,industrie,industrie
21.2C,17.21C,industrie,industrie
21.2E,17.22Z,industrie,industrie
21.2G,17.23Z,industrie,industrie
21.2J,17.24Z,industrie,industrie
21.2L,17.29Z,industrie,industrie
22.1A,58.11Z,edition_medias,edition_medias
22.1C,58.13Z,edition_medias,edition_medias
22.1E,58.14Z,edition_medias,edition_medias
22.1G,59.20Z,edition_medias,edition_medias
22.1J,58.19Z,edition_medias,edition_medias
22.2A,18.11Z,industrie,industrie
22.2C,18.12Z,industrie,industrie
22.2E,18.14Z,industrie,industrie
22.2G,18.13Z,industrie,industrie
22.2J,18.13Z,industrie,industrie
22.3A,18.20Z,industrie,industrie
22.3C,18.20Z,industrie,industrie
22.3E,18.20Z,industrie,industrie
23.1Z,19.10Z,industrie,industrie
23.2Z,19.20Z,industrie,industrie
23.3Z,24.46Z,industrie,industrie
24.1A,20.11Z,industrie,industrie
24.1C,20.12Z,industrie,industrie
24.1E,20.13B,industrie,industrie
24.1G,20.14Z,industrie,industrie
24.1J,20.15Z,industrie,industrie
24.1L,20.16Z,industrie,industrie
24.1N,20.17Z,industrie,industrie
24.2Z,20.20Z,industrie,industrie
24.3Z,20.30Z,industrie,industrie
24.4A,21.10Z,industrie,industrie
24.4C,21.20Z,industrie,industrie
24.4D,21.20Z,industrie,industrie
24.5A,20.41Z,industrie,industrie
24.5C,20.42Z,industrie,industrie
24.6A,20.51Z,industrie,industrie
24.6C,20.52Z,industrie,industrie
24.6E,20.53Z,industrie,industrie
24.6G,20.59Z,industrie,industrie
24.6J,26.80Z,industrie,industrie
24.6L,20.59Z,industrie,industrie
24.7Z,20.60Z,industrie,industrie
25.1A,22.11Z,industrie,industrie
25.1C,22.11Z,industrie,industrie
25.1E,22.19Z,industrie,industrie
25.2A,22.21Z,industrie,industrie
25.2C,22.22Z,industrie,industrie
25.2E,22.23Z,industrie,industrie
25.2G,22.29B,industrie,industrie
25.2H,22.29A,industrie,industrie
26.1A,23.11Z,industrie,industrie
26.1C,23.12Z,industrie,industrie
26.1E,23.13Z,industrie,industrie
26.1G,23.14Z,industrie,industrie
26.1J,23.19Z,industrie,industrie
26.1K,23.19Z,industrie,industrie
26.2A,23.41Z,industrie,industrie
26.2C,23.42Z,industrie,industrie
26.2E,23.43Z,industrie,industrie
26.2G,23.44Z,industrie,industrie
26.2J,23.49Z,industrie,industrie
26.2L,23.20Z,industrie,industrie
26.3Z,23.31Z,industrie,industrie
26.4A,23.32Z,industrie,industrie
26.4B,23.32Z,industrie,industrie
26.4C,23.32Z,industrie,industrie
26.5A,23.51Z,industrie,industrie
26.5C,23.52Z,industrie,industrie
26.5E,23.52Z,industrie,industrie
26.6A,23.61Z,industrie,industrie
26.6C,23.62Z,industrie,industrie
26.6E,23.63Z,industrie,industrie
26.6G,23.64Z,industrie,industrie
26.6J,23.65Z,industrie,industrie
26.6L,23.69Z,industrie,industrie
26.7Z,23.70Z,industrie,industrie
26.8A,23.91Z,industrie,industrie
26.8C,23.99Z,industrie,industrie
27.1Y,24.10Z,industrie,industrie
27.2A,24.51Z,industrie,industrie
27.2C,24.20Z,industrie,industrie
27.3A,24.31Z,industrie,industrie
27.3C,24.32Z,industrie,industrie
27.3E,24.33Z,industrie,industrie
27.3G,24.34Z,industrie,industrie
27.4A,24.41Z,industrie,industrie
27.4C,24.42Z,industrie,industrie
27.4D,24.42Z,industrie,industrie
27.4F,24.43Z,industrie,industrie
27.4G,24.43Z,industrie,industrie
27.4J,24.44Z,industrie,industrie
27.4K,24.44Z,industrie,industrie
27.4M,24.45Z,industrie,industrie
27.5A,24.51Z,industrie,industrie
27.5C,24.52Z,industrie,industrie
27.5E,24.53Z,industrie,industrie
27.5G,24.54Z,industrie,industrie
28.1A,25.11Z,industrie,industrie
28.1C,25.12Z,industrie,industrie
28.2C,25.29Z,industrie,industrie
28.2D,25.21Z,industrie,industrie
28.3A,25.30Z,industrie,industrie
28.3B,25.30Z,industrie,industrie
28.3C,33.20A,industrie,industrie
28.4A,25.50A,industrie,industrie
28.4B,25.50B,industrie,industrie
28.4C,25.50A,industrie,industrie
28.5A,25.61Z,industrie,industrie
28.5C,25.62A,industrie,industrie
28.5D,25.62B,industrie,industrie
28.6A,25.71Z,industrie,industrie
28.6C,25.73B,industrie,industrie
28.6D,25.73B,industrie,industrie
28.6F,25.72Z,industrie,industrie
28.7A,25.91Z,industrie,industrie
28.7C,25.92Z,industrie,industrie
28.7E,25.93Z,industrie,industrie
28.7G,25.94Z,industrie,industrie
28.7H,25.93Z,industrie,industrie
28.7J,25.93Z,industrie,industrie
28.7L,25.99A,industrie,industrie
28.7N,25.99B,industrie,industrie
28.7Q,25.99B,industrie,industrie
29.1A,28.11Z,industrie,industrie
29.1B,28.13Z,industrie,industrie
29.1D,28.12Z,industrie,industrie
29.1E,28.13Z,industrie,industrie
29.1F,28.14Z,industrie,industrie
29.1H,28.15Z,industrie,industrie
29.1J,28.15Z,industrie,industrie
29.2A,28.21Z,industrie,industrie
29.2C,28.22Z,industrie,industrie
29.2D,28.22Z,industrie,industrie
29.2F,28.25Z,industrie,industrie
29.2H,28.29A,industrie,industrie
29.2J,28.29A,industrie,industrie
29.2L,28.29B,industrie,industrie
29.2M,28.29B,industrie,industrie
29.3A,28.30Z,industrie,industrie
29.3C,33.12Z,industrie,industrie|services_personne
29.3D,28.30Z,industrie,industrie
29.4A,28.41Z,industrie,industrie
29.4B,28.49Z,industrie,industrie
29.4C,28.24Z,industrie,industrie
29.4D,28.49Z,industrie,industrie
29.4E,28.49Z,industrie,industrie
29.5A,28.91Z,industrie,industrie
29.5B,28.92Z,industrie,industrie
29.5D,28.92Z,industrie,industrie
29.5E,28.93Z,industrie,industrie
29.5G,28.94Z,industrie,industrie
29.5J,28.95Z,industrie,industrie
29.5L,28.99A,industrie,industrie
29.5M,28.96Z,industrie,industrie
29.5N,25.73A,industrie,industrie
29.5Q,28.99B,industrie,industrie
29.5R,28.99B,industrie,industrie
29.6A,25.40Z,industrie,industrie
29.6B,25.40Z,industrie,industrie
29.7A,27.51Z,industrie,industrie
29.7C,27.52Z,industrie,industrie
30.0A,28.23Z,industrie,industrie
30.0C,26.20Z,industrie,industrie
31.1A,27.11Z,industrie,industrie
31.1B,27.11Z,industrie,industrie
31.1C,33.14Z,industrie,industrie
31.2A,27.12Z,industrie,industrie
31.2B,27.12Z,industrie,industrie
31.3Z,27.32Z,industrie,industrie
31.4Z,27.20Z,industrie,industrie
31.5A,27.40Z,industrie,industrie
31.5B,27.40Z,industrie,industrie
31.5C,27.40Z,industrie,industrie
31.6A,29.31Z,industrie,industrie
31.6C,27.90Z,industrie,industrie
31.6D,27.90Z,industrie,industrie
32.1A,27.90Z,industrie,industrie
32.1C,26.11Z,industrie,industrie
32.1D,26.12Z,industrie,industrie
32.2A,26.30Z,industrie,industrie
32.2B,26.30Z,industrie,industrie
32.3Z,26.40Z,industrie,industrie
33.1A,26.60Z,industrie,industrie
33.1B,32.50A,industrie,industrie
33.2A,26.51A,industrie,industrie
33.2B,26.51B,industrie,industrie
33.3Z,33.20C,industrie,industrie
33.4A,32.50B,industrie,industrie
33.4B,26.70Z,industrie,industrie
33.5Z,26.52Z,industrie,industrie
34.1Z,29.10Z,industrie,industrie
34.2A,29.20Z,industrie,industrie
34.2B,29.20Z,industrie,industrie
34.3Z,29.32Z,industrie,industrie
35.1A,30.11Z,industrie,industrie
35.1B,30.11Z,industrie,industrie
35.1C,30.11Z,industrie,industrie
35.1E,30.12Z,industrie,industrie
35.2Z,30.20Z,industrie,industrie
35.3A,30.30Z,industrie,industrie
35.3B,30.30Z,industrie,industrie
35.3C,30.30Z,industrie,industrie
35.4A,30.91Z,industrie,industrie
35.4C,30.92Z,industrie,industrie
35.4E,30.92Z,industrie,industrie
35.5Z,30.99Z,industrie,industrie
36.1A,31.09A,industrie,industrie
36.1C,31.01Z,industrie,industrie
36.1E,31.02Z,industrie,industrie
36.1G,31.09B,industrie,industrie
36.1H,31.09B,industrie,industrie
36.1J,31.09B,industrie,industrie
36.1K,31.09B,industrie,industrie|services_personne
36.1M,31.03Z,industrie,industrie
36.2A,32.11Z,industrie,industrie
36.2C,32.12Z,industrie,industrie
36.3Z,32.20Z,industrie,industrie
36.4Z,32.30Z,industrie,industrie
36.5Z,32.40Z,industrie,industrie
36.6A,32.13Z,industrie,industrie
36.6C,32.91Z,industrie,industrie
36.6E,32.99Z,industrie,industrie
37.1Z,38.32Z,eau_dechets,eau_dechets
37.2Z,38.32Z,eau_dechets,eau_dechets
40.1A,35.11Z,energie,energie
40.1C,35.12Z,energie,energie
40.1E,35.13Z,energie,energie
40.2A,35.21Z,energie,energie
40.2C,35.22Z,energie,energie
40.3Z,35.30Z,energie,energie
41.0Z,36.00Z,eau_dechets,eau_dechets
45.1A,43.11Z,btp,btp
45.1B,43.12B,btp,btp
45.1D,43.13Z,btp,btp
45.2A,41.20A,btp,btp
45.2B,41.20B,btp,btp
45.2C,42.13A,btp,btp
45.2D,42.13B,btp,btp
45.2E,42.21Z,btp,btp
45.2F,42.22Z,btp,btp
45.2J,43.91B,btp,btp
45.2K,43.99A,btp,btp
45.2L,43.91A,btp,btp
45.2N,42.12Z,btp,btp
45.2P,42.11Z,btp,btp
45.2R,42.91Z,btp,btp
45.2T,43.99B,btp,btp
45.2U,43.99D,btp,btp
45.2V,43.99C,btp,btp
45.3A,43.21A,btp,btp
45.3C,43.29A,btp,btp
45.3E,43.22A,btp,btp
45.3F,43.22B,btp,btp
45.3H,43.29B,btp,btp
45.4A,43.31Z,btp,btp
45.4C,43.32A,btp,btp
45.4D,43.32B,btp,btp
45.4F,43.33Z,btp,btp
45.4H,43.34Z,btp,btp
45.4J,43.34Z,btp,btp
45.4L,43.32C,btp,btp
45.4M,43.39Z,btp,btp
45.5Z,43.99E,btp,btp
50.1Z,45.19Z,automobile,automobile
50.2Z,45.20B,automobile,automobile
50.3A,45.31Z,automobile,automobile
50.3B,45.32Z,automobile,automobile
50.4Z,45.40Z,automobile,automobile
50.5Z,47.30Z,commerce_detail,commerce_detail
51.1A,46.11Z,commerce_gros,commerce_gros
51.1C,46.12B,commerce_gros,commerce_gros
51.1E,46.13Z,commerce_gros,commerce_gros
51.1G,46.14Z,commerce_gros,commerce_gros
51.1J,46.15Z,commerce_gros,commerce_gros
51.1L,46.16Z,commerce_gros,commerce_gros
51.1N,46.17B,commerce_gros,commerce_gros
51.1P,46.17A,commerce_gros,commerce_gros
51.1R,46.18Z,commerce_gros,commerce_gros
51.1T,46.19B,commerce_gros,commerce_gros
51.1U,46.19A,commerce_gros,commerce_gros
51.2A,46.21Z,commerce_gros,commerce_gros
51.2C,46.22Z,commerce_gros,commerce_gros
51.2E,46.23Z,commerce_gros,commerce_gros
51.2G,46.24Z,commerce_gros,commerce_gros
51.2J,46.21Z,commerce_gros,commerce_gros
51.3A,46.31Z,commerce_gros,commerce_gros
51.3C,46.32A,commerce_gros,commerce_gros
51.3D,46.32B,commerce_gros,commerce_gros
51.3E,46.32C,commerce_gros,commerce_gros
51.3G,46.33Z,commerce_gros,commerce_gros
51.3J,46.34Z,commerce_gros,commerce_gros
51.3L,46.35Z,commerce_gros,commerce_gros
51.3N,46.36Z,commerce_gros,commerce_gros
51.3Q,46.37Z,commerce_gros,commerce_gros
51.3S,46.38A,commerce_gros,commerce_gros
51.3T,46.38B,commerce_gros,commerce_gros
51.3V,46.39A,commerce_gros,commerce_gros
51.3W,46.39B,commerce_gros,commerce_gros
51.4A,46.41Z,commerce_gros,commerce_gros
51.4C,46.42Z,commerce_gros,commerce_gros
51.4D,46.42Z,commerce_gros,commerce_gros
51.4F,46.43Z,commerce_gros,commerce_gros
51.4H,46.44Z,commerce_gros,commerce_gros
51.4J,46.44Z,commerce_gros,commerce_gros
51.4L,46.45Z,commerce_gros,commerce_gros
51.4N,46.46Z,commerce_gros,commerce_gros
51.4Q,46.49Z,commerce_gros,commerce_gros
51.4R,46.49Z,commerce_gros,commerce_gros
51.4S,46.49Z,commerce_gros,commerce_gros
51.5A,46.71Z,commerce_gros,commerce_gros
51.5C,46.72Z,commerce_gros,commerce_gros
51.5E,46.73A,commerce_gros,commerce_gros
51.5F,46.73B,commerce_gros,commerce_gros
51.5H,46.74A,commerce_gros,commerce_gros
51.5J,46.74B,commerce_gros,commerce_gros
51.5L,46.75Z,commerce_gros,commerce_gros
51.5N,46.76Z,commerce_gros,commerce_gros
51.5Q,46.77Z,commerce_gros,commerce_gros
51.8A,46.62Z,commerce_gros,commerce_gros
51.8C,46.63Z,commerce_gros,commerce_gros
51.8E,46.64Z,commerce_gros,commerce_gros
51.8G,46.51Z,commerce_gros,commerce_gros
51.8H,46.66Z,commerce_gros,commerce_gros
51.8J,46.52Z,commerce_gros,commerce_gros
51.8L,46.69A,commerce_gros,commerce_gros
51.8M,46.69B,commerce_gros,commerce_gros
51.8N,46.69C,commerce_gros,commerce_gros
51.8P,46.61Z,commerce_gros,commerce_gros
51.9A,46.90Z,commerce_gros,commerce_gros
51.9B,46.90Z,commerce_gros,commerce_gros
52.1A,47.11A,commerce_detail,commerce_detail
52.1B,47.11B,commerce_detail,commerce_detail
52.1C,47.11C,commerce_detail,commerce_detail
52.1D,47.11D,commerce_detail,commerce_detail
52.1E,47.11E,commerce_detail,commerce_detail
52.1F,47.11F,commerce_detail,commerce_detail
52.1H,47.19A,commerce_detail,commerce_detail
52.1J,47.19B,commerce_detail,commerce_detail
52.2A,47.21Z,commerce_detail,commerce_detail
52.2C,47.22Z,commerce_detail,commerce_detail
52.2E,47.23Z,commerce_detail,commerce_detail
52.2G,47.24Z,commerce_detail,commerce_detail
52.2J,47.25Z,commerce_detail,commerce_detail
52.2L,47.26Z,commerce_detail,commerce_detail
52.2N,47.29Z,commerce_detail,commerce_detail
52.2P,47.29Z,commerce_detail,commerce_detail
52.3A,47.73Z,commerce_detail,commerce_detail
52.3C,47.74Z,commerce_detail,commerce_detail
52.3E,47.75Z,commerce_detail,commerce_detail
52.4A,47.51Z,commerce_detail,commerce_detail
52.4C,47.71Z,commerce_detail,commerce_detail
52.4E,47.72A,commerce_detail,commerce_detail
52.4F,47.72B,commerce_detail,commerce_detail
52.4H,47.59A,commerce_detail,commerce_detail
52.4J,47.59B,commerce_detail,commerce_detail
52.4L,47.54Z,commerce_detail,commerce_detail
52.4N,47.52A,commerce_detail,commerce_detail
52.4P,47.52B,commerce_detail,commerce_detail
52.4R,47.62Z,commerce_detail,commerce_detail
52.4T,47.78A,commerce_detail,commerce_detail
52.4U,47.53Z,commerce_detail,commerce_detail
52.4V,47.77Z,commerce_detail,commerce_detail
52.4W,47.64Z,commerce_detail,commerce_detail
52.4X,47.76Z,commerce_detail,commerce_detail
52.4Y,47.78B,commerce_detail,commerce_detail
52.4Z,47.78C,commerce_detail,commerce_detail
52.5Z,47.79Z,commerce_detail,commerce_detail
52.6A,47.91A,commerce_detail,commerce_detail
52.6B,47.91B,commerce_detail,commerce_detail
52.6D,47.81Z,commerce_detail,commerce_detail
52.6E,47.89Z,commerce_detail,commerce_detail
52.6G,47.99A,commerce_detail,commerce_detail
52.6H,47.99B,commerce_detail,commerce_detail
52.7A,95.23Z,services_personne,services_personne
52.7C,95.21Z,services_personne,services_personne
52.7D,95.22Z,services_personne,services_personne
52.7F,95.25Z,services_personne,services_personne
52.7H,95.29Z,services_personne,services_personne
55.1A,55.10Z,hebergement_tourisme,hebergement_tourisme
55.1C,55.10Z,hebergement_tourisme,hebergement_tourisme
55.1E,55.10Z,hebergement_tourisme,hebergement_tourisme
55.2A,55.20Z,hebergement_tourisme,hebergement_tourisme
55.2C,55.30Z,hebergement_tourisme,hebergement_tourisme
55.2E,55.20Z,hebergement_tourisme,hebergement_tourisme
55.2F,55.90Z,hebergement_tourisme,hebergement_tourisme
55.3A,56.10A,restauration,restauration
55.3B,56.10C,restauration,restauration
55.4A,56.30Z,restauration,restauration
55.4B,56.30Z,restauration,restauration
55.4C,56.30Z,restauration,restauration
55.5A,56.29B,restauration,restauration
55.5C,56.29A,restauration,restauration
55.5D,56.21Z,restauration,restauration
60.1Z,49.20Z,transport_logistique,transport_logistique
60.2A,49.31Z,transport_logistique,transport_logistique
60.2B,49.39A,transport_logistique,transport_logistique
60.2C,49.39C,transport_logistique,transport_logistique
60.2E,49.32Z,transport_logistique,transport_logistique
60.2G,49.39B,transport_logistique,transport_logistique
60.2L,49.41B,transport_logistique,transport_logistique
60.2M,49.41A,transport_logistique,transport_logistique
60.2N,49.42Z,transport_logistique,transport_logistique
60.2P,49.41C,transport_logistique,transport_logistique
60.3Z,49.50Z,transport_logistique,transport_logistique
61.1A,50.10Z,transport_logistique,transport_logistique
61.1B,50.10Z,transport_logistique,transport_logistique
61.2Z,50.30Z,transport_logistique,transport_logistique
62.1Z,51.10Z,transport_logistique,transport_logistique
62.2Z,51.10Z,transport_logistique,transport_logistique
62.3Z,51.22Z,transport_logistique,transport_logistique
63.1A,52.24A,transport_logistique,transport_logistique
63.1B,52.24B,transport_logistique,transport_logistique
63.1D,52.10A,transport_logistique,transport_logistique
63.1E,52.10B,transport_logistique,transport_logistique
63.2A,52.21Z,transport_logistique,transport_logistique
63.2C,52.22Z,transport_logistique,transport_logistique
63.2E,52.23Z,transport_logistique,transport_logistique
63.3Z,79.11Z,hebergement_tourisme,hebergement_tourisme
63.4A,52.29A,transport_logistique,transport_logistique
63.4B,52.29B,transport_logistique,transport_logistique
63.4C,52.29B,transport_logistique,transport_logistique
64.1A,53.10Z,transport_logistique,transport_logistique
64.1C,53.20Z,transport_logistique,transport_logistique
64.2C,61.10Z,numerique_telecoms,numerique_telecoms
64.2D,61.10Z,numerique_telecoms,numerique_telecoms
65.1A,64.11Z,banque_finance,banque_finance
65.1C,64.19Z,banque_finance,banque_finance
65.1D,64.19Z,banque_finance,banque_finance
65.1E,64.19Z,banque_finance,banque_finance
65.1F,64.19Z,banque_finance,banque_finance
65.2A,64.91Z,banque_finance,banque_finance
65.2C,64.92Z,banque_finance,banque_finance
65.2E,64.30Z,banque_finance,banque_finance
65.2F,64.99Z,banque_finance,banque_finance
66.0A,65.11Z,assurance,assurance
66.0C,65.30Z,assurance,assurance
66.0E,65.12Z,assurance,assurance
66.0F,65.20Z,assurance,assurance
66.0G,65.12Z,assurance,assurance
67.1A,66.11Z,banque_finance,banque_finance
67.1C,66.30Z,banque_finance,banque_finance
67.1E,66.19B,banque_finance,banque_finance
67.2Z,66.29Z,assurance,assurance
70.1A,41.10A,btp,btp
70.1B,41.10B,btp,btp
70.1C,41.10C,btp,btp
70.1D,41.10D,btp,btp
70.1F,68.10Z,immobilier,immobilier
70.2A,68.20A,immobilier,immobilier
70.2B,68.20B,immobilier,immobilier
70.2C,68.20B,immobilier,immobilier
70.3A,68.31Z,immobilier,immobilier
70.3C,68.32A,immobilier,immobilier|services_entreprises
70.3D,68.32A,immobilier,immobilier|services_entreprises
70.3E,68.32B,immobilier,banque_finance|immobilier
71.1A,77.11A,services_entreprises,services_entreprises
71.1B,77.11B,services_entreprises,services_entreprises
71.2A,77.39Z,services_entreprises,services_entreprises
71.2C,77.34Z,services_entreprises,services_entreprises
71.2E,77.35Z,services_entreprises,services_entreprises
71.3A,77.31Z,services_entreprises,services_entreprises
71.3C,77.32Z,services_entreprises,services_entreprises
71.3E,77.33Z,services_entreprises,services_entreprises
71.3G,77.39Z,services_entreprises,services_entreprises
71.4A,77.29Z,services_entreprises,services_entreprises
71.4B,77.29Z,services_entreprises,services_entreprises
72.1Z,62.02A,numerique_telecoms,numerique_telecoms
72.2A,58.29C,numerique_telecoms,numerique_telecoms
72.2C,62.02A,numerique_telecoms,numerique_telecoms
72.3Z,63.11Z,numerique_telecoms,numerique_telecoms
72.4Z,63.12Z,numerique_telecoms,numerique_telecoms
72.5Z,62.09Z,numerique_telecoms,numerique_telecoms
72.6Z,62.09Z,numerique_telecoms,numerique_telecoms
73.1Z,72.19Z,recherche_developpement,recherche_developpement
73.2Z,72.20Z,recherche_developpement,recherche_developpement
74.1A,69.10Z,droit,droit
74.1C,69.20Z,comptabilite_audit,comptabilite_audit
74.1E,73.20Z,marketing_publicite,marketing_publicite
74.1G,70.22Z,conseil_management,conseil_management
74.1J,64.20Z,banque_finance,banque_finance|conseil_management
74.2A,71.11Z,architecture_ingenierie,architecture_ingenierie
74.2B,71.12A,architecture_ingenierie,architecture_ingenierie|services_specialises
74.2C,71.12B,architecture_ingenierie,architecture_ingenierie
74.3A,71.20A,architecture_ingenierie,architecture_ingenierie
74.3B,71.20B,architecture_ingenierie,architecture_ingenierie
74.4A,73.12Z,marketing_publicite,marketing_publicite
74.4B,73.11Z,marketing_publicite,marketing_publicite
74.5A,78.30Z,services_entreprises,services_entreprises
74.5B,78.20Z,services_entreprises,services_entreprises
74.6Z,80.10Z,services_entreprises,services_entreprises
74.7Z,81.29B,services_entreprises,services_entreprises
74.8A,74.20Z,services_specialises,services_specialises
74.8B,74.20Z,services_specialises,services_specialises
74.8D,82.92Z,services_entreprises,services_entreprises
74.8F,74.30Z,services_specialises,services_entreprises|services_specialises
74.8G,82.19Z,services_entreprises,services_entreprises
74.8H,82.20Z,services_entreprises,services_entreprises
74.8J,82.30Z,services_entreprises,services_entreprises
74.8K,82.99Z,services_entreprises,services_entreprises|services_specialises
75.1A,84.11Z,administration_publique,administration_publique
75.1C,84.12Z,administration_publique,administration_publique
75.1E,84.13Z,administration_publique,administration_publique
75.1G,84.11Z,administration_publique,administration_publique
75.2A,84.21Z,administration_publique,administration_publique
75.2C,84.22Z,administration_publique,administration_publique
75.2E,84.23Z,administration_publique,administration_publique
75.2G,84.24Z,administration_publique,administration_publique
75.2J,84.25Z,administration_publique,administration_publique
75.3A,84.30A,administration_publique,administration_publique
75.3B,84.30B,administration_publique,administration_publique
75.3C,84.30C,administration_publique,administration_publique
80.1Z,85.20Z,enseignement_formation,enseignement_formation
80.2A,85.31Z,enseignement_formation,enseignement_formation
80.2C,85.32Z,enseignement_formation,enseignement_formation
80.3Z,85.42Z,enseignement_formation,enseignement_formation
80.4A,85.53Z,enseignement_formation,enseignement_formation
80.4C,85.59A,enseignement_formation,enseignement_formation
80.4D,85.59B,enseignement_formation,enseignement_formation
85.1A,86.10Z,sante,sante
85.1C,86.21Z,sante,sante
85.1E,86.23Z,sante,sante
85.1G,86.90D,sante,sante
85.1H,86.90F,sante,sante
85.1J,86.90A,sante,sante
85.1K,86.90B,sante,sante
85.1L,86.90C,sante,sante
85.2Z,75.00Z,sante,sante
85.3A,87.10B,medico_social,medico_social
85.3B,87.90A,medico_social,medico_social
85.3C,87.10C,medico_social,medico_social
85.3D,87.30A,medico_social,medico_social
85.3E,87.90B,medico_social,medico_social
85.3G,88.91A,medico_social,medico_social
85.3H,88.10C,medico_social,medico_social
85.3J,88.10A,medico_social,medico_social
85.3K,88.99B,medico_social,medico_social
90.0A,37.00Z,eau_dechets,eau_dechets
90.0B,38.21Z,eau_dechets,eau_dechets
90.0E,38.22Z,eau_dechets,eau_dechets
90.0G,39.00Z,eau_dechets,eau_dechets
91.1A,94.11Z,non_classe,non_classe
91.1C,94.12Z,non_classe,non_classe
91.2Z,94.20Z,non_classe,non_classe
91.3A,94.91Z,non_classe,non_classe
91.3C,94.92Z,non_classe,non_classe
91.3E,94.99Z,non_classe,non_classe
92.1A,59.11A,edition_medias,edition_medias
92.1B,59.11B,edition_medias,edition_medias
92.1C,59.11C,edition_medias,edition_medias
92.1D,59.12Z,edition_medias,edition_medias
92.1F,59.13A,edition_medias,edition_medias
92.1G,59.13B,edition_medias,edition_medias
92.1J,59.14Z,edition_medias,edition_medias
92.2A,60.10Z,edition_medias,edition_medias
92.2B,59.11A,edition_medias,edition_medias
92.2D,60.20A,edition_medias,edition_medias
92.2E,60.20B,edition_medias,edition_medias
92.2F,61.10Z,numerique_telecoms,numerique_telecoms
92.3A,90.01Z,culture_sport_loisirs,culture_sport_loisirs
92.3B,90.02Z,culture_sport_loisirs,culture_sport_loisirs
92.3D,90.04Z,culture_sport_loisirs,culture_sport_loisirs
92.3F,93.21Z,culture_sport_loisirs,culture_sport_loisirs
92.3K,90.01Z,culture_sport_loisirs,culture_sport_loisirs
92.4Z,63.91Z,numerique_telecoms,numerique_telecoms
92.5A,91.01Z,culture_sport_loisirs,culture_sport_loisirs
92.5C,91.02Z,culture_sport_loisirs,culture_sport_loisirs
92.5E,91.04Z,culture_sport_loisirs,culture_sport_loisirs
92.6A,93.11Z,culture_sport_loisirs,culture_sport_loisirs
92.6C,93.12Z,culture_sport_loisirs,culture_sport_loisirs
92.7A,92.00Z,culture_sport_loisirs,culture_sport_loisirs
92.7C,93.29Z,culture_sport_loisirs,culture_sport_loisirs
93.0A,96.01A,services_personne,services_personne
93.0B,96.01B,services_personne,services_personne
93.0D,96.02A,services_personne,services_personne
93.0E,96.02B,services_personne,services_personne
93.0G,96.03Z,services_personne,services_personne
93.0H,96.03Z,services_personne,services_personne
93.0K,96.04Z,services_personne,services_personne
93.0L,96.04Z,services_personne,services_personne
93.0N,96.09Z,services_personne,services_personne
95.0Z,97.00Z,services_personne,services_personne
96.0Z,98.10Z,services_personne,services_personne
97.0Z,98.20Z,services_personne,services_personne
99.0Z,99.00Z,administration_publique,administration_publique
