naf_rev2,metier,libelle
01.11Z,agriculteurs-eleveurs,"Culture de céréales (à l'exception du riz), de légumineuses et de graines oléagineuses"
01.13Z,agriculteurs-eleveurs,"Culture de légumes, de melons, de racines et de tubercules"
01.19Z,agriculteurs-eleveurs,Autres cultures non permanentes
01.21Z,viticulture,Culture de la vigne
01.24Z,agriculteurs-eleveurs,Culture de fruits à pépins et à noyau
01.25Z,agriculteurs-eleveurs,Culture d'autres fruits d'arbres ou d'arbustes et de fruits à coque
01.28Z,agriculteurs-eleveurs,"Culture de plantes à épices, aromatiques, médicinales et pharmaceutiques"
01.30Z,agriculteurs-eleveurs,Reproduction de plantes
01.41Z,agriculteurs-eleveurs,Élevage de vaches laitières
01.42Z,agriculteurs-eleveurs,Élevage d'autres bovins et de buffles
01.43Z,agriculteurs-eleveurs,Élevage de chevaux et d'autres équidés
01.45Z,agriculteurs-eleveurs,Élevage d'ovins et de caprins
01.46Z,agriculteurs-eleveurs,Élevage de porcins
01.47Z,agriculteurs-eleveurs,Élevage de volailles
01.49Z,agriculteurs-eleveurs,Élevage d'autres animaux
01.50Z,agriculteurs-eleveurs,Culture et élevage associés
01.61Z,agriculteurs-eleveurs,Activités de soutien aux cultures
01.62Z,agriculteurs-eleveurs,Activités de soutien à la production animale
10.13B,boucheries-charcuteries,Charcuterie
10.71B,boulangeries-patisseries,Cuisson de produits de boulangerie
10.71C,boulangeries-patisseries,Boulangerie et boulangerie-pâtisserie
10.71D,boulangeries-patisseries,Pâtisserie
11.02A,viticulture,Fabrication de vins effervescents
11.02B,viticulture,Vinification
16.23Z,menuisiers,Fabrication de charpentes et d'autres menuiseries
18.11Z,imprimeries,Imprimerie de journaux
18.12Z,imprimeries,Autre imprimerie (labeur)
18.13Z,imprimeries,Activités de pré-presse
18.14Z,imprimeries,Reliure et activités connexes
25.11Z,metallerie-chaudronnerie,Fabrication de structures métalliques et de parties de structures
25.12Z,metallerie-chaudronnerie,Fabrication de portes et fenêtres en métal
25.29Z,metallerie-chaudronnerie,"Fabrication d'autres réservoirs, citernes et conteneurs métalliques"
25.50A,mecanique-industrielle,"Forge, estampage, matriçage ; métallurgie des poudres"
25.50B,mecanique-industrielle,"Découpage, emboutissage"
25.61Z,mecanique-industrielle,Traitement et revêtement des métaux
25.62A,mecanique-industrielle,Décolletage
25.62B,mecanique-industrielle,Mécanique industrielle
25.73A,mecanique-industrielle,Fabrication de moules et modèles
25.73B,mecanique-industrielle,Fabrication d'autres outillages
33.11Z,metallerie-chaudronnerie,Réparation d'ouvrages en métaux
33.12Z,mecanique-industrielle,Réparation de machines et équipements mécaniques
33.13Z,mecanique-industrielle,Réparation de matériels électroniques et optiques
33.14Z,mecanique-industrielle,Réparation d'équipements électriques
33.17Z,mecanique-industrielle,Réparation et maintenance d'autres équipements de transport
33.20A,metallerie-chaudronnerie,"Installation de structures métalliques, chaudronnées et de tuyauterie"
33.20B,mecanique-industrielle,Installation de machines et équipements mécaniques
33.20C,mecanique-industrielle,Conception d'ensemble et assemblage sur site industriel d'équipements de contrôle des processus industriels
33.20D,mecanique-industrielle,"Installation d'équipements électriques, de matériels électroniques et optiques ou d'autres matériels"
41.10A,promoteurs-marchands-biens,Promotion immobilière de logements
41.10B,promoteurs-marchands-biens,Promotion immobilière de bureaux
41.10C,promoteurs-marchands-biens,Promotion immobilière d'autres bâtiments
41.10D,promoteurs-marchands-biens,Supports juridiques de programmes
41.20A,maconnerie-gros-oeuvre,Construction de maisons individuelles
41.20B,maconnerie-gros-oeuvre,Construction d'autres bâtiments
42.11Z,travaux-publics,Construction de routes et autoroutes
42.12Z,travaux-publics,Construction de voies ferrées de surface et souterraines
42.13A,travaux-publics,Construction d'ouvrages d'art
42.13B,travaux-publics,Construction et entretien de tunnels
42.21Z,travaux-publics,Construction de réseaux pour fluides
42.22Z,travaux-publics,Construction de réseaux électriques et de télécommunications
42.91Z,travaux-publics,Construction d'ouvrages maritimes et fluviaux
42.99Z,travaux-publics,Construction d'autres ouvrages de génie civil n.c.a.
43.11Z,travaux-publics,Travaux de démolition
43.12A,travaux-publics,Travaux de terrassement courants et travaux préparatoires
43.12B,travaux-publics,Travaux de terrassement spécialisés ou de grande masse
43.13Z,travaux-publics,Forages et sondages
43.21A,electriciens,Travaux d'installation électrique dans tous locaux
43.21B,electriciens,Travaux d'installation électrique sur la voie publique
43.22A,plombiers-chauffagistes,Travaux d'installation d'eau et de gaz en tous locaux
43.22B,plombiers-chauffagistes,Travaux d'installation d'équipements thermiques et de climatisation
43.29A,platriers-isolation,Travaux d'isolation
43.31Z,platriers-isolation,Travaux de plâtrerie
43.32A,menuisiers,Travaux de menuiserie bois et PVC
43.32B,menuisiers,Travaux de menuiserie métallique et serrurerie
43.32C,menuisiers,Agencement de lieux de vente
43.33Z,carreleurs-revetements,Travaux de revêtement des sols et des murs
43.34Z,peintres,Travaux de peinture et vitrerie
43.91A,couvreurs-charpentiers,Travaux de charpente
43.91B,couvreurs-charpentiers,Travaux de couverture par éléments
43.99A,couvreurs-charpentiers,Travaux d'étanchéification
43.99B,metallerie-chaudronnerie,Travaux de montage de structures métalliques
43.99C,maconnerie-gros-oeuvre,Travaux de maçonnerie générale et gros œuvre de bâtiment
43.99E,travaux-publics,Location avec opérateur de matériel de construction
45.11Z,commerce-automobile,Commerce de voitures et de véhicules automobiles légers
45.19Z,commerce-automobile,Commerce d'autres véhicules automobiles
45.20A,garages-carrosseries,Entretien et réparation de véhicules automobiles légers
45.20B,garages-carrosseries,Entretien et réparation d'autres véhicules automobiles
45.31Z,commerce-automobile,Commerce de gros d'équipements automobiles
45.32Z,commerce-automobile,Commerce de détail d'équipements automobiles
45.40Z,commerce-automobile,Commerce et réparation de motocycles
46.11Z,agents-commerciaux,"Intermédiaires du commerce en matières premières agricoles, animaux vivants, matières premières textiles et produits semi-finis"
46.12A,agents-commerciaux,Centrales d'achat de carburant
46.12B,agents-commerciaux,"Autres intermédiaires du commerce en combustibles, métaux, minéraux et produits chimiques"
46.13Z,agents-commerciaux,Intermédiaires du commerce en bois et matériaux de construction
46.14Z,agents-commerciaux,"Intermédiaires du commerce en machines, équipements industriels, navires et avions"
46.15Z,agents-commerciaux,"Intermédiaires du commerce en meubles, articles de ménage et quincaillerie"
46.16Z,agents-commerciaux,"Intermédiaires du commerce en textiles, habillement, fourrures, chaussures et articles en cuir"
46.17A,agents-commerciaux,Centrales d'achat alimentaires
46.17B,agents-commerciaux,"Autres intermédiaires du commerce en denrées, boissons et tabac"
46.18Z,agents-commerciaux,Intermédiaires spécialisés dans le commerce d'autres produits spécifiques
46.19A,agents-commerciaux,Centrales d'achat non alimentaires
46.19B,agents-commerciaux,Autres intermédiaires du commerce en produits divers
47.11A,commerces-alimentaires,Commerce de détail de produits surgelés
47.11B,commerces-alimentaires,Commerce d'alimentation générale
47.11C,commerces-alimentaires,Supérettes
47.11D,grande-distribution,Supermarchés
47.11E,grande-distribution,Magasins multi-commerces
47.11F,grande-distribution,Hypermarchés
47.19A,grande-distribution,Grands magasins
47.21Z,commerces-alimentaires,Commerce de détail de fruits et légumes en magasin spécialisé
47.22Z,boucheries-charcuteries,Commerce de détail de viandes et de produits à base de viande en magasin spécialisé
47.23Z,commerces-alimentaires,"Commerce de détail de poissons, crustacés et mollusques en magasin spécialisé"
47.24Z,boulangeries-patisseries,"Commerce de détail de pain, pâtisserie et confiserie en magasin spécialisé"
47.25Z,commerces-alimentaires,Commerce de détail de boissons en magasin spécialisé
47.26Z,tabac-presse,Commerce de détail de produits à base de tabac en magasin spécialisé
47.29Z,commerces-alimentaires,Autres commerces de détail alimentaires en magasin spécialisé
47.51Z,habillement-chaussures,Commerce de détail de textiles en magasin spécialisé
47.52A,equipement-maison,"Commerce de détail de quincaillerie, peintures et verres en petites surfaces (moins de 400 m²)"
47.52B,equipement-maison,"Commerce de détail de quincaillerie, peintures et verres en grandes surfaces (400 m² et plus)"
47.53Z,equipement-maison,"Commerce de détail de tapis, moquettes et revêtements de murs et de sols en magasin spécialisé"
47.54Z,equipement-maison,Commerce de détail d'appareils électroménagers en magasin spécialisé
47.59A,equipement-maison,Commerce de détail de meubles
47.59B,equipement-maison,Commerce de détail d'autres équipements du foyer
47.62Z,tabac-presse,Commerce de détail de journaux et papeterie en magasin spécialisé
47.71Z,habillement-chaussures,Commerce de détail d'habillement en magasin spécialisé
47.72A,habillement-chaussures,Commerce de détail de la chaussure
47.72B,habillement-chaussures,Commerce de détail de maroquinerie et d'articles de voyage
47.73Z,pharmacies,Commerce de détail de produits pharmaceutiques en magasin spécialisé
47.76Z,fleuristes,"Commerce de détail de fleurs, plantes, graines, engrais, animaux de compagnie et aliments pour ces animaux en magasin spécialisé"
47.77Z,bijouteries,Commerce de détail d'articles d'horlogerie et de bijouterie en magasin spécialisé
47.78A,opticiens,Commerces de détail d'optique
47.91A,vente-distance,Vente à distance sur catalogue général
47.91B,vente-distance,Vente à distance sur catalogue spécialisé
47.99A,vente-domicile,Vente à domicile
49.32Z,taxis-vtc,Transports de voyageurs par taxis
49.39A,autocars,Transports routiers réguliers de voyageurs
49.39B,autocars,Autres transports routiers de voyageurs
49.41A,transport-routier,Transports routiers de fret interurbains
49.41B,transport-routier,Transports routiers de fret de proximité
49.41C,transport-routier,Location de camions avec chauffeur
49.42Z,demenageurs,Services de déménagement
52.10A,logistique-messagerie,Entreposage et stockage frigorifique
52.10B,logistique-messagerie,Entreposage et stockage non frigorifique
52.24A,logistique-messagerie,Manutention portuaire
52.24B,logistique-messagerie,Manutention non portuaire
52.29A,logistique-messagerie,"Messagerie, fret express"
52.29B,logistique-messagerie,Affrètement et organisation des transports
53.20Z,logistique-messagerie,Autres activités de poste et de courrier
55.10Z,hotels-hebergement,Hôtels et hébergement similaire
55.20Z,hotels-hebergement,Hébergement touristique et autre hébergement de courte durée
55.30Z,hotels-hebergement,Terrains de camping et parcs pour caravanes ou véhicules de loisirs
56.10A,restaurants,Restauration traditionnelle
56.10B,restaurants,Cafétérias et autres libres-services
56.10C,restaurants,Restauration de type rapide
56.21Z,traiteurs-restauration-collective,Services des traiteurs
56.29A,traiteurs-restauration-collective,Restauration collective sous contrat
56.30Z,cafes-bars,Débits de boissons
58.11Z,edition-presse,Édition de livres
58.13Z,edition-presse,Édition de journaux
58.14Z,edition-presse,Édition de revues et périodiques
58.19Z,edition-presse,Autres activités d'édition
58.21Z,editeurs-logiciels,Édition de jeux électroniques
58.29A,editeurs-logiciels,Édition de logiciels système et de réseau
58.29B,editeurs-logiciels,Édition de logiciels outils de développement et de langages
58.29C,editeurs-logiciels,Édition de logiciels applicatifs
59.11A,production-audiovisuelle,Production de films et de programmes pour la télévision
59.11B,production-audiovisuelle,Production de films institutionnels et publicitaires
59.11C,production-audiovisuelle,Production de films pour le cinéma
59.12Z,production-audiovisuelle,"Post-production de films cinématographiques, de vidéo et de programmes de télévision"
59.20Z,production-audiovisuelle,Enregistrement sonore et édition musicale
61.10Z,telecoms,Télécommunications filaires
61.20Z,telecoms,Télécommunications sans fil
61.30Z,telecoms,Télécommunications par satellite
61.90Z,telecoms,Autres activités de télécommunication
62.01Z,services-informatiques,Programmation informatique
62.02A,services-informatiques,Conseil en systèmes et logiciels informatiques
62.02B,services-informatiques,Tierce maintenance de systèmes et d'applications informatiques
62.03Z,services-informatiques,Gestion d'installations informatiques
62.09Z,services-informatiques,Autres activités informatiques
63.11Z,services-informatiques,"Traitement de données, hébergement et activités connexes"
63.91Z,edition-presse,Activités des agences de presse
64.19Z,banques-credit,Autres intermédiations monétaires
64.20Z,holdings-sieges,Activités des sociétés holding
64.91Z,banques-credit,Crédit-bail
64.92Z,banques-credit,Autre distribution de crédit
65.11Z,assurance,Assurance vie
65.12Z,assurance,Autres assurances
65.20Z,assurance,Réassurance
66.12Z,gestion-financiere,Courtage de valeurs mobilières et de marchandises
66.22Z,assurance,Activités des agents et courtiers d'assurances
66.30Z,gestion-financiere,Gestion de fonds
68.10Z,promoteurs-marchands-biens,Activités des marchands de biens immobiliers
68.20A,location-immobiliere,Location de logements
68.20B,location-immobiliere,Location de terrains et d'autres biens immobiliers
68.31Z,agents-immobiliers,Agences immobilières
68.32A,agents-immobiliers,Administration d'immeubles et autres biens immobiliers
68.32B,location-immobiliere,Supports juridiques de gestion de patrimoine immobilier
69.10Z,professions-juridiques,Activités juridiques
69.20Z,experts-comptables,Activités comptables
70.10Z,holdings-sieges,Activités des sièges sociaux
70.21Z,agences-communication,Conseil en relations publiques et communication
70.22Z,conseil-gestion,Conseil pour les affaires et autres conseils de gestion
71.11Z,architectes,Activités d'architecture
71.12A,geometres,Activité des géomètres
71.12B,bureaux-etudes,"Ingénierie, études techniques"
71.20A,controle-technique,Contrôle technique automobile
71.20B,controle-technique,"Analyses, essais et inspections techniques"
73.11Z,agences-publicite,Activités des agences de publicité
73.12Z,agences-publicite,Régie publicitaire de médias
73.20Z,agences-publicite,Études de marché et sondages
74.10Z,design-graphisme,Activités spécialisées de design
74.20Z,photographes,Activités photographiques
74.30Z,traducteurs,Traduction et interprétation
74.90A,bureaux-etudes,Activité des économistes de la construction
75.00Z,veterinaires,Activités vétérinaires
77.11A,location-vehicules,Location de courte durée de voitures et de véhicules automobiles légers
77.11B,location-vehicules,Location de longue durée de voitures et de véhicules automobiles légers
77.12Z,location-vehicules,Location et location-bail de camions
78.10Z,interim-recrutement,Activités des agences de placement de main-d'œuvre
78.20Z,interim-recrutement,Activités des agences de travail temporaire
78.30Z,interim-recrutement,Autre mise à disposition de ressources humaines
79.11Z,agences-voyage,Activités des agences de voyage
79.12Z,agences-voyage,Activités des voyagistes
79.90Z,agences-voyage,Autres services de réservation et activités connexes
80.10Z,securite-privee,Activités de sécurité privée
80.20Z,securite-privee,Activités liées aux systèmes de sécurité
80.30Z,securite-privee,Activités d'enquête
81.10Z,nettoyage,Activités combinées de soutien lié aux bâtiments
81.21Z,nettoyage,Nettoyage courant des bâtiments
81.22Z,nettoyage,Autres activités de nettoyage des bâtiments et nettoyage industriel
81.29A,nettoyage,"Désinfection, désinsectisation, dératisation"
81.29B,nettoyage,Autres activités de nettoyage n.c.a.
81.30Z,paysagistes,Services d'aménagement paysager
82.11Z,secretariat-domiciliation,Services administratifs combinés de bureau
82.19Z,secretariat-domiciliation,"Photocopie, préparation de documents et autres activités spécialisées de soutien de bureau"
82.20Z,secretariat-domiciliation,Activités de centres d'appels
82.30Z,evenementiel-salons,"Organisation de foires, salons professionnels et congrès"
85.53Z,auto-ecoles,Enseignement de la conduite
85.59A,organismes-formation,Formation continue d'adultes
86.10Z,hopitaux-cliniques,Activités hospitalières
86.21Z,medecins,Activité des médecins généralistes
86.22A,medecins,Activités de radiodiagnostic et de radiothérapie
86.22B,medecins,Activités chirurgicales
86.22C,medecins,Autres activités des médecins spécialistes
86.23Z,dentistes,Pratique dentaire
86.90A,ambulances,Ambulances
86.90B,laboratoires-analyses,Laboratoires d'analyses médicales
86.90D,infirmiers-sages-femmes,Activités des infirmiers et des sages-femmes
86.90E,kines-reeducation,"Activités des professionnels de la rééducation, de l'appareillage et des pédicures-podologues"
86.90F,autres-praticiens-sante,Activités de santé humaine non classées ailleurs
87.10A,ehpad-hebergement-medicalise,Hébergement médicalisé pour personnes âgées
87.10B,ehpad-hebergement-medicalise,Hébergement médicalisé pour enfants handicapés
87.10C,ehpad-hebergement-medicalise,Hébergement médicalisé pour adultes handicapés et autre hébergement médicalisé
87.30A,ehpad-hebergement-medicalise,Hébergement social pour personnes âgées
88.10A,aide-a-domicile,Aide à domicile
88.91A,creches,Accueil de jeunes enfants
90.01Z,arts-spectacle,Arts du spectacle vivant
90.02Z,arts-spectacle,Activités de soutien au spectacle vivant
90.03A,arts-spectacle,Création artistique relevant des arts plastiques
90.03B,arts-spectacle,Autre création artistique
90.04Z,arts-spectacle,Gestion de salles de spectacles
93.11Z,salles-sport-clubs,Gestion d'installations sportives
93.12Z,salles-sport-clubs,Activités de clubs de sports
93.13Z,salles-sport-clubs,Activités des centres de culture physique
93.19Z,salles-sport-clubs,Autres activités liées au sport
95.25Z,bijouteries,Réparation d'articles d'horlogerie et de bijouterie
96.02A,coiffeurs,Coiffure
96.02B,esthetique,Soins de beauté
96.03Z,pompes-funebres,Services funéraires
96.04Z,esthetique,Entretien corporel
