nap600,secteur,libelle
01.00,agriculture,Cultures générales
01.07,agriculture,Cultures générales associées à d'autres activités agricoles
01.10,agriculture,"Production de légumes frais, de fleurs; pépinières"
01.16,agriculture,Cultures fruitières
01.17,agriculture,Viticulture
01.30,agriculture,Vinification
01.50,agriculture,Elevage de bovins
01.56,agriculture,Elevage de bovins associé à d'autres activités agricoles
01.57,agriculture,"Elevage d'ovins, caprins, équins"
01.60,agriculture,Elevage de porcins
01.63,agriculture,Aviculture
01.70,agriculture,Productions agricoles diverses
01.74,agriculture,Chasse et piégeage
01.80,agriculture,Travaux agricoles à façon
01.90,agriculture,Services effectués au profit de l'élevage
02.10,agriculture,Sylviculture et services aux forêts
02.20,agriculture,Exploitation forestière
03.10,agriculture,Pêche en mer
03.20,agriculture,Conchyliculture
03.30,agriculture,Pisciculture et pêche en eau douce
03.40,agriculture,Culture et récolte de produits marins divers
35.01,agroalimentaire,Abattage du bétail
35.04,agroalimentaire,Fabrication de charcuterie et de conserves de viandes
35.05,agroalimentaire,Abattage de volaille
36.10,agroalimentaire,Industrie laitière
36.20,agroalimentaire,"Fabrication de crèmes glacées, glaces et sorbets"
37.01,agroalimentaire,Conserverie de fruits et confitures
37.02,agroalimentaire,Conserverie de légumes
37.03,agroalimentaire,Conserverie de poissons
37.04,agroalimentaire,Préparation de plats cuisinés
38.10,agroalimentaire,Fabrication industrielle de pain et de pâtisserie fraîche
38.40,agroalimentaire,"Boulangerie, pâtisserie"
38.50,agroalimentaire,Pâtisserie
39.01,agroalimentaire,Meunerie
39.02,agroalimentaire,"Biscuiterie, biscotterie"
39.03,agroalimentaire,Semoulerie
39.04,agroalimentaire,Fabrication de pâtes alimentaires et de couscous
39.05,agroalimentaire,Transformation de céréales secondaires
39.06,agroalimentaire,Malterie
39.07,agroalimentaire,Fabrication de produits amylacés
39.08,agroalimentaire,Fabrication d'aliments pour animaux
40.11,agroalimentaire,Fabrication d'huiles et corps gras bruts
40.12,agroalimentaire,Fabrication d'huiles et corps gras raffinés et de margarine
40.21,agroalimentaire,"Sucreries, raffineries de sucre"
40.31,agroalimentaire,"Chocolaterie, confiserie"
40.32,agroalimentaire,"Torréfaction et brûlerie de café, thé, chicorée et infusions, préparation d'épices et herbes aromatiques"
40.33,agroalimentaire,"Fabrication de condiments, vinaigre, sauces préparées"
40.34,agroalimentaire,"Fabrication d'aliments diététiques, aliments pour bébé, produits de régime"
40.35,agroalimentaire,"Fabrication d'entremets, desserts ménagers et petits déjeuners"
40.36,agroalimentaire,Fabrication de bouillons et potages
40.37,agroalimentaire,Fabrication de produits alimentaires divers
41.01,agroalimentaire,Distillation d'alcool
41.02,agroalimentaire,Distillation d'eau de vie naturelle
41.03,agroalimentaire,Production de liqueurs et apéritifs alcoolisés autres qu'à base de vin
41.04,agroalimentaire,Production d'apéritifs à base de vin
41.05,agroalimentaire,Champagnisation
41.06,agroalimentaire,Brasserie
41.07,agroalimentaire,Cidrerie
41.08,agroalimentaire,Production de jus de fruits et de légumes
41.09,agroalimentaire,Fabrication de boissons non alcoolisées élaborées
41.10,agroalimentaire,Production d'eaux minérales naturelles
42.01,agroalimentaire,Transformation du tabac
04.11,industrie,Production de combustibles minéraux solides
04.21,industrie,Cokéfaction
05.11,industrie,Extraction de pétrole
05.21,industrie,Extraction de gaz naturel
05.31,industrie,Raffinage de pétrole
06.01,energie,Production et distribution d'électricité
07.01,energie,Distribution de gaz
08.01,eau_dechets,Production et distribution d'eau
08.02,energie,Chauffage urbain et distribution d'énergies diverses
09.01,industrie,Extraction et préparation de minerai de fer
10.01,industrie,Sidérurgie
11.01,industrie,Tréfilage de l'acier et production des dérivés du fil d'acier
11.02,industrie,Laminage à froid du feuillard d'acier
11.03,industrie,Etirage et profilage des produits pleins en acier
11.04,industrie,Profilage des produits plats en acier
11.05,industrie,Fabrication de tubes d'acier
12.01,industrie,Extraction et préparation de bauxite
12.02,industrie,"Extraction et préparation de minerais de plomb, zinc et cuivre"
12.03,industrie,Extraction de minerais contenant des matières fissiles et fer
12.04,industrie,Extraction et préparation d'autres minerais métalliques
13.01,industrie,Métallurgie de l'aluminium et des autres métaux légers
13.02,industrie,"Métallurgie du plomb, du zinc, du cadmium"
13.03,industrie,Métallurgie des métaux précieux
13.04,industrie,Métallurgie des ferro-alliages
13.05,industrie,Production d'autres métaux non ferreux
13.10,industrie,Fabrication de demi-produits en aluminium et autres métaux légers
13.11,industrie,"Fabrication de demi-produits en plomb, zinc et cadmium"
13.12,industrie,Fabrication de demi-produits en cuivre
13.13,industrie,Fabrication de demi-produits en métaux précieux
13.14,industrie,Fabrication d'autres demi-produits non ferreux
13.15,industrie,Production et transformation de matières fissiles
13.16,industrie,Production et transformation de matières fertiles
14.01,industrie,Production de sels (chlorure de sodium et sels divers) ; marais salants
14.02,industrie,Production de matériaux de carrière pour l'industrie
14.03,industrie,"Production de minéraux divers : asphalte, talc etc.."
15.01,industrie,Extraction de sables et graviers d'alluvions
15.02,industrie,Production de matériaux concassés de roche et de laitier
15.03,industrie,Production de pierres de construction
15.04,industrie,"Extraction d'argiles, kaolin, terres réfractaires"
15.05,industrie,Fabrication de plâtres et de produits en plâtre
15.06,industrie,Fabrication de chaux et ciments
15.07,industrie,Préparation et livraison de béton prêt à l'emploi
15.08,industrie,Fabrication de produits en béton
15.09,industrie,Fabrication de matériaux de construction divers
15.10,industrie,Fabrication de tuiles et briques
15.11,industrie,Fabrication de produits réfractaires
15.12,industrie,"Fabrication de produits en grès, en faïence, en autres matières céramiques"
15.13,industrie,Fabrication de vaisselle de ménage en céramique
16.01,industrie,"Fabrication façonnage et transformation de verre plat, miroiterie"
16.02,industrie,"Fabrication façonnage et transformation de verre creux mécanique, de verrerie de ménage"
16.03,industrie,Fabrication de verre à la main
16.04,industrie,Fabrication de verre technique
17.12,industrie,Industrie de l'acide sulfurique et des produits dérivés
17.13,industrie,Fabrication de produits chimiques par électrolyse ou électrothermie
17.14,industrie,Fabrication de gaz comprimés
17.15,industrie,Fabrication d'opacifiants minéraux compositions et couleurs pour émaux
17.16,industrie,Fabrication de produits divers de la chimie minérale
17.17,industrie,Fabrication d'engrais azotés et autres produits azotés
17.18,industrie,Fabrication d'engrais phosphatés
17.19,industrie,Fabrication d'autres engrais
17.21,industrie,Chimie organique de synthèse
17.22,industrie,Fabrication de matières colorantes de synthèse
17.23,industrie,Traitement chimique des corps gras notamment stéarinerie et glycérinerie ; fabrication de produits de base pour détergents
17.24,industrie,Fabrication de produits de base pour la pharmacie
17.25,industrie,"Fabrication de produits auxiliaires pour les industries textiles, du cuir et du caoutchouc, transformation de matières animales et végétales"
17.26,industrie,Fabrication et distillation de goudrons
17.27,industrie,Fabrication de matières plastiques
17.28,industrie,Fabrication de caoutchouc synthétique et autres élastomères
17.29,industrie,"Fabrication d'huiles essentielles, d'arômes naturels et synthétiques"
43.01,industrie,Production de fibres discontinues et de fils continus artificiels
43.02,industrie,Production de fibres discontinues et de fils continus synthétiques
20.01,industrie,Fonderie de métaux ferreux
20.02,industrie,Fonderie de métaux non ferreux
21.01,industrie,"Forge, estampage, matriçage"
21.02,industrie,"Découpage, emboutissage"
21.03,industrie,Traitement et revêtement des métaux
21.04,industrie,Décolletage
21.05,industrie,"Boulonnerie, visserie"
21.06,industrie,Construction métallique
21.07,industrie,Menuiserie métallique de bâtiment
21.08,industrie,"Mécanique générale, fabrication de moules et modèles"
21.09,industrie,"Fabrication d'outillage à main, d'outillage électroportatif, d'outillage agricole"
21.10,industrie,Fabrication de ressorts
21.11,industrie,Fabrication de quincaillerie
21.12,industrie,"Ferblanterie, fabrication d'articles de ménage, de coutellerie"
21.13,industrie,Fabrication de mobilier métallique
21.14,industrie,"Fabrication de fûts et tonnelets métalliques, de boîtes et emballages métalliques fabrication de conditionnements métalliques"
21.15,industrie,Fabrication de petits articles métalliques
21.16,industrie,"Frittage des métaux, fabrication d'aimants permanents"
21.17,industrie,"Fabrication d'armes de chasse, de tir, de défense"
50.01,industrie,Fabrication de pâtes à papier
50.02,industrie,Fabrication de papiers et de cartons
50.03,industrie,Fabrication d'articles de papeterie
50.04,industrie,Transformation du papier
50.06,industrie,Fabrication de carton ondulé et de produits en carton ondulé
50.07,industrie,Fabrication de cartonnages
52.01,industrie,Fabrication de pneumatiques et chambres à air
52.02,industrie,Rechapage et réparation industrielle de pneumatiques
52.03,industrie,Fabrication d'ouvrages en caoutchouc
52.04,industrie,Fabrication d'ouvrages en amiante
53.01,industrie,"Fabrication de mélanges, plaques, feuilles, films, tubes, tuyaux et profilés"
53.02,industrie,Fabrication de pièces diverses pour l'industrie
53.03,industrie,Fabrication d'emballages en matières plastiques
53.04,industrie,Fabrication d'éléments pour le bâtiment
53.05,industrie,Fabrication de produits de consommation divers
53.06,industrie,Fabrication de pellicules cellulosiques
22.01,industrie,Fabrication de tracteurs agricoles
22.02,industrie,Fabrication d'autre matériel agricole
23.01,industrie,Fabrication de machines-outils à métaux
23.02,industrie,Fabrication de machines à bois
23.03,industrie,"Fabrication d'outillage, outils pour machines"
23.04,industrie,Fabrication d'engrenages et organes de transmission
23.05,industrie,Fabrication de matériel de soudage
24.01,industrie,Robinetterie
24.02,industrie,Fabrication et installation de fours
24.03,industrie,"Fabrication et installation de matériel aéraulique, thermique et frigorifique"
24.04,industrie,Fabrication de moteurs à combustion interne autres que pour l'automobile et l'aéronautique
24.05,industrie,Fabrication de transmissions hydrauliques et pneumatiques
24.06,industrie,Fabrication de pompes et compresseurs
24.07,industrie,Fabrication de turbines thermiques et hydrauliques et d'équipements de barrages
24.08,industrie,Chaudronnerie
24.09,industrie,"Fabrication de machines pour les industries alimentaires chimiques, plastiques et de machines à chaussures"
24.10,industrie,Fabrication de machines pour les industries textiles et de machines à coudre industrielles
24.11,industrie,"Fabrication de machines pour les industries du papier, du carton et des arts graphiques"
25.01,industrie,Fabrication de matériel de travaux publics
25.02,industrie,"Fabrication de matériel pour la sidérurgie pour la fonderie, pour la préparation des matériaux, matériel fixe de chemin de fer"
25.03,industrie,Fabrication de matériel de manutention et de levage
25.04,industrie,Fabrication de matériel de mines et de forage
34.01,industrie,Horlogerie
34.02,industrie,"Fabrication d'appareils de pesage et de compteurs, d'instruments de métrologie"
34.03,industrie,Fabrication de lunettes pour la correction et la protection de la vue
34.04,industrie,Fabrication d'instruments d'optique et de précision
34.05,industrie,Fabrication de matériel photographique et cinématographique
34.06,industrie,Fabrication de matériel médico-chirurgical et de prothèses
34.07,industrie,Fabrication de roulements
27.01,industrie,Fabrication de matériel de traitement de l'information
27.02,industrie,Fabrication de machines de bureau
28.10,industrie,"Fabrication d'équipements de distribution, de commande à basse tension ; d'applications de l'électronique de puissance"
28.11,industrie,Fabrication de matériel électrique de grande puissance ou à haute tension
28.12,industrie,"Fabrication d'appareillage industriel à basse tension, de relais ; de matériel de signalisation"
28.13,industrie,Fabrication de machines tournantes et transformateurs électriques de petite et moyenne puissance
28.14,industrie,Fabrication d'isolateurs et pièces isolantes en verre et céramique
28.15,industrie,Fabrication d'équipements d'automatisation de processus industriels
28.16,industrie,Réparation de gros matériel électrique
28.17,industrie,Fabrication de matériel d'éclairage
28.18,industrie,Fabrication de fils et câbles isolés pour l'électricité
28.19,industrie,"Fabrication et installation d'ascenseurs, monte-charge et escaliers mécaniques"
28.21,industrie,Fabrication d'appareillage électrique d'installation
28.22,industrie,Fabrication de piles électriques et appareils d'éclairage à bas voltage
28.23,industrie,Fabrication d'accumulateurs
28.24,industrie,Fabrication de lampes électriques
29.11,industrie,Fabrication de matériel télégraphique et téléphonique
29.12,industrie,Fabrication d'appareils de radiologie et d'électronique médicale
29.13,industrie,"Fabrication d'appareils de contrôle et de régulation spécifiquement conçus pour l'automatisme industriel, d'instruments et d'appareils électriques et électroniques de mesure"
29.14,industrie,Fabrication de matériel professionnel électronique et radioélectrique
29.15,industrie,Fabrication de composants passifs et de condensateurs fixes
29.16,industrie,Fabrication de tubes électroniques et de semi-conducteurs
29.21,industrie,Fabrication d'appareils radiorécepteur et de téléviseurs
29.22,industrie,Fabrication d'appareils d'enregistrement et de reproduction du son et de l'image et de supports d'enregistrement
30.01,industrie,"Fabrication d'appareils frigorifiques domestiques, de machines à laver le linge et à laver la vaisselle"
30.02,industrie,"Fabrication d'appareils ménagers de cuisine, de chauffage de l'eau et de chauffage de l'air non électriques"
30.03,industrie,Fabrication d'autres appareils d'équipement ménager
31.11,industrie,Construction de voitures particulières
31.12,industrie,Construction de caravanes et remorques de tourisme
31.13,industrie,Fabrication de pièces et équipements spécifiques pour automobiles
31.14,industrie,Construction de véhicules utilitaires
31.15,industrie,"Construction de carrosseries, bennes, remorques autres que de tourisme"
31.16,industrie,Fabrication de motocycles et cycles
31.17,industrie,Fabrication de pièces et équipements pour cycles et motocycles
31.21,industrie,Fabrication et réparation de matériel ferroviaire roulant et d'autres matériels de transport guide
26.01,industrie,Fabrication de véhicules blindés
26.02,industrie,Fabrication d'armes et munitions de guerre
32.01,industrie,Construction de bâtiments de guerre
32.02,industrie,Construction de navires de marine marchande
32.03,industrie,Construction d'autres bateaux
32.04,industrie,Fabrication et pose d'équipements spécifiques de bord
32.05,industrie,Réparation de navires
33.01,industrie,Construction de cellules d'aéronefs
33.02,industrie,Fabrication de propulseurs d'aéronefs et d'équipements de propulseurs
33.03,industrie,Fabrication d'équipements spécifiques pour les aéronefs
33.04,industrie,Construction d'engins et de lanceurs spatiaux
18.01,industrie,Fabrication d'allumettes
18.02,industrie,Fabrication d'abrasifs appliqués
18.03,industrie,"Fabrication d'explosifs, d'accessoires de mise à feu et d'artifices"
18.04,industrie,Fabrication de colles
18.05,industrie,Fabrication de produits savonniers et de produits détergents
18.06,industrie,Fabrication de produits de ménage et de produits d'entretien
18.07,industrie,"Fabrication de peintures, vernis, couleurs fines, encres d'imprimerie"
18.08,industrie,Fabrication de produits phytosanitaires
18.09,industrie,Fabrication de produits photographiques et cinématographiques
18.10,industrie,"Fabrication de charbons artificiels, de terres actives et de produits chimiques à usage métallurgique et mécanique"
18.11,industrie,Parfumerie
19.01,industrie,Fabrication de spécialités pharmaceutiques
19.02,industrie,Fabrication d'autres produits pharmaceutiques
44.10,industrie,"Préparation et commerce de la laine, délainage"
44.11,industrie,"Préparation de lin, chanvre, et d'autres plantes textiles"
44.12,industrie,Filterie
44.13,industrie,Filature de lin et de chanvre
44.14,industrie,Filature de l'industrie cotonnière
44.15,industrie,Filature de l'industrie lainière - cycle cardé
44.16,industrie,Filature de l'industrie lainière - cycle peigné
44.17,industrie,Moulinage et texturation de la soie et des textiles artificiels et synthétiques
44.18,industrie,"Teintures, apprêts et impressions"
44.20,industrie,Fabrication d'étoffes à mailles
44.21,industrie,"Fabrication de chandails, pull-over, polos, gilets etc... En bonneterie"
44.22,industrie,Fabrication d'autres vêtements de dessus de bonneterie
44.23,industrie,Fabrication de sous-vêtements de bonneterie
44.24,industrie,Fabrication d'articles chaussants de bonneterie
44.25,industrie,Fabrication d'autres articles de bonneterie
44.30,industrie,Tissage des industries cotonnières et linières
44.31,industrie,Tissage de l'industrie lainière
44.32,industrie,Tissage de soierie
44.33,industrie,Industrie du jute
44.34,industrie,Fabrication de tapis
44.35,industrie,Fabrication de feutre
44.36,industrie,Fabrication d'étoffes non tissées ni tricotées
44.37,industrie,Enduction d'étoffes
44.38,industrie,Fabrication de produits textiles élastiques
44.39,industrie,"Ficellerie, corderie, fabrication de filets"
44.40,industrie,Ouaterie
44.41,industrie,"Fabrication de dentelles, tulles, broderies et guipures"
44.42,industrie,"Fabrication de rubans, tresses, passementeries et articles textiles divers"
47.01,industrie,Confection de vêtements masculins
47.02,industrie,Confection de vêtements féminins
47.03,industrie,Confection de vêtements pour enfants
47.04,industrie,Habillement sur mesure
47.05,industrie,Confection de chemiserie et lingerie
47.06,industrie,Confection de vêtements en matières plastiques
47.07,industrie,"Confection de corsets, gaines et soutien-gorges"
47.08,industrie,Confection de chapellerie pour hommes et femmes
47.09,industrie,Fabrication d'accessoires divers de l'habillement
47.10,industrie,Fabrication de pelleterie et fourrures
45.11,industrie,"Tannerie, mégisserie"
45.21,industrie,"Fabrication d'articles de maroquinerie, d'articles de voyage et de chasse"
45.22,industrie,Fabrication de gants
45.23,industrie,Fabrication d'articles divers en cuir et similaires
46.01,industrie,Fabrication de chaussures et d'autres articles chaussants
48.01,industrie,Scierie
48.02,industrie,Fabrication d'éléments de charpente et de menuiseries de bâtiment
48.03,industrie,"Fabrication de parquets, moulures et baguettes"
48.04,industrie,"Fabrication et transformation de panneaux, bois de placage, bois améliorés et traités"
48.05,industrie,Fabrication d'emballages en bois
48.06,industrie,Fabrication de bâtiments préfabriqués légers
48.07,industrie,Fabrication d'objets divers en bois
49.01,industrie,Fabrication de meubles meublants
49.02,industrie,Fabrication de sièges
49.03,industrie,Fabrication de meubles de cuisine et meubles en bois blanc
49.04,industrie,Fabrication de literie
49.05,industrie,Fabrication de meubles divers et industries connexes à l'industrie de l'ameublement
49.06,industrie,Fabrication de mobilier fonctionnel non métallique
54.01,industrie,"Fabrication de jeux, jouets et d'articles de puériculture"
54.02,industrie,Fabrication d'articles de sport et de campement
54.03,industrie,Fabrication de bateaux de plaisance
54.04,industrie,"Bijouterie, joaillerie"
54.05,industrie,Fabrication d'instruments de musique
54.06,industrie,Fabrication d'articles de bureau et d'articles de paris
54.07,industrie,"Fabrication d'accessoires d'ameublement en bronze et fer forgé, statuettes et articles funéraires"
54.08,industrie,"Fabrication d'articles de brosserie, d'articles de vannerie et d'articles en liège"
54.09,industrie,Laboratoires photographiques et cinématographiques
54.10,industrie,Fabrication d'articles divers non désignés ailleurs
51.01,edition_medias,Agences de presse
51.10,industrie,Imprimerie de labeur
51.11,industrie,Industries connexes à l'imprimerie
51.12,edition_medias,Edition
51.20,edition_medias,Presse
51.30,edition_medias,"Edition de disques, bandes et cassettes enregistrées"
55.10,btp,Travaux d'aménagement des terres et des eaux ; voirie ; parcs et jardins
55.11,btp,Construction de lignes de transport d'électricité
55.12,btp,Travaux d'infrastructure générale
55.13,btp,Construction de chaussées
55.20,btp,"Entreprises de forages, sondages ; fondations spéciales"
55.30,btp,Construction d'ossatures autres que métalliques
55.31,btp,"Installation industrielle, montage levage"
55.40,btp,Installation électrique
55.50,btp,Construction industrialisée
55.60,btp,Maçonnerie et travaux courants de béton armé
55.70,btp,Génie climatique
55.71,btp,Menuiserie-serrurerie
55.72,btp,"Couverture, plomberie, installations sanitaires"
55.73,btp,"Aménagements, finitions"
57.01,commerce_gros,Commerce de gros de matières premières agricoles
57.02,commerce_gros,Commerce de gros de bestiaux
57.03,commerce_gros,Commerce de gros de fruits et légumes
57.04,commerce_gros,Commerce de gros de viandes sans abattage
57.05,commerce_gros,Commerce de gros de produits laitiers
57.06,commerce_gros,Commerce de gros de volailles et gibiers
57.07,commerce_gros,Commerce de gros de poissons
57.08,commerce_gros,"Commerce de gros de vins, spiritueux, liqueurs"
57.09,commerce_gros,Commerce de gros d'autres boissons
57.10,commerce_gros,Commerce de gros d'épicerie
57.11,commerce_gros,Commerces de gros spécialisés de produits alimentaires divers
58.01,commerce_gros,Commerce de gros d'accessoires d'automobiles et de matériel de garage
58.02,commerce_gros,"Commerce de gros de pneumatiques, cycles et motocycles"
58.03,commerce_gros,Commerce de gros de quincaillerie et d'appareils ménagers
58.04,commerce_gros,Commerce de gros de matériel électrique et électronique
58.05,commerce_gros,Commerce de gros des textiles
58.06,commerce_gros,"Commerce de gros de l'habillement, des chaussures et de la maroquinerie"
58.07,commerce_gros,Commerce de gros de produits pharmaceutiques
58.08,commerce_gros,"Commerce de gros de parfumerie, produits de beauté"
58.09,commerce_gros,"Commerce de gros de droguerie, de produits d'entretien"
58.10,commerce_gros,Commerce de gros de céramique et verrerie
58.11,commerce_gros,"Commerce de gros de jouets, papeterie et articles de fumeurs"
58.12,commerce_gros,Commerces de gros divers
59.01,commerce_gros,Commerce des textiles bruts
59.02,commerce_gros,Commerce de gros de cuirs et peaux
59.03,commerce_gros,"Commerce de gros de charbon, minerais et minéraux"
59.04,commerce_gros,Commerce de gros de produits pétroliers
59.05,commerce_gros,Commerce de métaux
59.06,commerce_gros,Commerce de produits chimiques industriels
59.07,commerce_gros,Commerce du bois
59.08,commerce_gros,"Commerce de matériaux de construction, de verre à vitres et d'appareils sanitaires"
59.09,commerce_gros,Commerce de matériel agricole
59.10,commerce_gros,Commerce d'équipements et de fournitures pour l'industrie
59.11,commerce_gros,Commerce de matériel et mobilier de bureau
59.12,commerce_gros,Commerce de matériel pour le bâtiment et les travaux publics
59.13,commerce_gros,Commerce de fournitures diverses pour les utilisateurs professionnels du commerce et des services
59.14,commerce_gros,Commerce de papiers et cartons en l'état
60.01,commerce_gros,"Intermédiaires du commerce en matières premières agricoles, animaux vivants, matières premières textiles et demi produits"
60.02,commerce_gros,"Intermédiaires du commerce en combustibles, métaux, minéraux et produits chimiques pour l'industrie"
60.03,commerce_gros,Intermédiaires du commerce en bois et matériaux de construction
60.04,commerce_gros,"Intermédiaires du commerce en machines, matériel et véhicules"
60.05,commerce_gros,"Intermédiaires du commerce en meubles, articles de ménage et quincaillerie"
60.06,commerce_gros,"Intermédiaires du commerce en textiles habillement, chaussures et articles en cuir"
60.07,commerce_gros,Intermédiaires du commerce spécialisés en produits alimentaires
60.08,commerce_gros,Centrales d'achats en produits alimentaires
60.09,commerce_gros,Intermédiaires du commerce spécialisés en produits non désignés ailleurs
60.10,commerce_gros,Intermédiaires du commerce en produits divers (sans prédominance)
60.11,commerce_gros,Centrales d'achats en produits non alimentaires
61.01,commerce_detail,Exploitation de super marchés
61.02,commerce_detail,Exploitation de magasins populaires
61.03,commerce_detail,Exploitation d'hypermarchés
62.11,commerce_detail,Commerce de détail indépendant d'alimentation générale
62.12,commerce_detail,Exploitation de supérettes indépendantes
62.21,commerce_detail,Exploitation de magasins d'alimentation générale dépendant d'une entreprise à magasins multiples
62.22,commerce_detail,Exploitation de supérettes dépendant d'une entreprise à magasins multiples
62.30,commerce_detail,Coopératives alimentaires d'entreprise ou d'administration
62.41,commerce_detail,Commerce de détail de fruits et légumes
62.42,commerce_detail,Commerce de détail de produits laitiers
62.43,commerce_detail,Commerce de détail des viandes
62.44,commerce_detail,Commerce de détail de poissons et coquillages
62.45,commerce_detail,Commerce de détail de vins et boissons
62.46,commerce_detail,Commerce de détail de confiserie et commerces de détail alimentaires divers
63.01,commerce_detail,Grands magasins
63.02,commerce_detail,Autres grandes surfaces non spécialisées non alimentaires
63.03,commerce_detail,Grandes surfaces semi spécialisées non alimentaires
63.04,commerce_detail,Entreprises de vente par correspondance à assortiment général
63.05,commerce_detail,Autres commerces non alimentaires non spécialisés
64.11,commerce_detail,Commerce de détail de l'habillement
64.12,commerce_detail,Commerce de détail de la chaussure voyage
64.13,commerce_detail,Commerce de détail de la maroquinerie et des articles de voyage
64.14,commerce_detail,Commerce de détail des textiles pour la maison
64.21,commerce_detail,Commerce de détail du meuble
64.22,commerce_detail,Commerce de détail de quincaillerie et d'appareils ménagers
64.23,commerce_detail,"Commerce de détail de la droguerie, couleurs vernis"
64.24,commerce_detail,"Commerce de détail de matériel électrique, radioélectrique et électroménager"
64.25,commerce_detail,Autres commerces de détail de l'équipement du foyer
64.30,commerce_detail,Pharmacies
64.40,commerce_detail,Commerce de détail d'articles médicaux et de produits de beauté
64.41,commerce_detail,"Commerce de détail et réparation de motocycles, cycles et véhicules divers"
64.42,commerce_detail,Commerce de détail des charbons et combustibles
64.43,commerce_detail,"Commerce de détail de livres, papeterie et fournitures de bureau"
64.44,commerce_detail,Commerce de détail d'optique (médicale et non médicale) et de photographie
64.45,commerce_detail,Commerce de détail de l'horlogerie-bijouterie
64.46,commerce_detail,"Commerce de détail de fleurs, graines et petits animaux d'agrément"
64.47,commerce_detail,Commerce de détail d'articles de sport et de camping
64.48,commerce_detail,Commerce de détail du tabac
64.49,commerce_detail,Commerces de détail divers
68.01,transport_logistique,Transports ferroviaires
69.11,transport_logistique,Transports routiers de marchandises en zone longue
69.12,transport_logistique,Camionnage et transport routier de marchandises en zone courte
69.21,transport_logistique,Transports urbains de voyageurs
69.22,transport_logistique,Transports routiers de voyageurs
69.23,transport_logistique,Taxis
69.24,transport_logistique,Déménagement
69.25,transport_logistique,Location de véhicules industriels
69.26,transport_logistique,Transport par conduite
70.01,transport_logistique,Transports fluviaux de passagers
70.02,transport_logistique,Transports fluviaux de marchandises
71.01,transport_logistique,Transports maritimes autres que de produits pétroliers
71.02,transport_logistique,Transports maritimes de produits pétroliers
71.03,transport_logistique,Navigation côtière et d'estuaire
72.01,transport_logistique,Transports aériens
73.01,transport_logistique,Gares routières
73.02,transport_logistique,Ports fluviaux et voies fluviales
73.03,transport_logistique,Ports maritimes
73.04,transport_logistique,Aéroports
73.05,transport_logistique,Exploitation d'ouvrages routiers à péage
73.06,transport_logistique,Exploitation de parkings
73.07,transport_logistique,Entrepôts autres que frigorifiques
73.08,transport_logistique,Entrepôts frigorifiques
73.09,transport_logistique,Remorquage et pilotage
74.01,transport_logistique,Collecte de fret maritime
74.02,transport_logistique,Collecte de fret aérien
74.03,transport_logistique,Collecte de fret terrestre et fluvial
74.04,transport_logistique,Manutention portuaire
74.05,transport_logistique,Manutention terrestre et fluviale
74.06,transport_logistique,Activités spécifiques d'auxiliaires des transports maritimes
74.07,transport_logistique,Activités spécifiques d'auxiliaires de transport aérien
74.08,transport_logistique,Autres auxiliaires des transports
74.09,hebergement_tourisme,Agences de voyages
74.10,transport_logistique,Routage
75.01,numerique_telecoms,P.T.T. - services communs et recherche
75.02,numerique_telecoms,P.T.T. - services de télécommunications
75.03,transport_logistique,P.T.T. - services postaux et financiers
75.04,numerique_telecoms,Activités de télécommunications hors p.t.t.
65.01,automobile,Commerce de détail d'accessoires et d'équipements automobiles
65.02,automobile,Commerce de détail de carburants et lubrifiants
65.03,automobile,Vente et réparation de véhicules automobiles
65.06,automobile,Réparation de véhicules automobiles
67.01,restauration,Restaurants et cafés-restaurants (sans hébergement)
67.02,restauration,Cantines
67.03,restauration,Traiteurs
67.04,restauration,Débits de boissons (sans spectacle)
67.05,restauration,Cafés-tabacs
67.06,restauration,Débits de boissons avec spectacle
67.07,restauration,Cafés associés à une autre activité
67.08,hebergement_tourisme,Hôtels avec restaurant
67.09,hebergement_tourisme,Hôtels sans restaurant
67.10,hebergement_tourisme,Wagons-lits et wagons-restaurants
67.11,hebergement_tourisme,"Foyers d'étudiants et de jeunes travailleurs, résidences universitaires"
67.12,hebergement_tourisme,Installations d'hébergement à équipements développés
67.13,hebergement_tourisme,Installations d'hébergement à équipements légers
56.01,eau_dechets,Récupération de ferraille et vieux métaux non ferreux
56.02,eau_dechets,Récupération de produits divers
76.00,banque_finance,Holdings
77.01,architecture_ingenierie,Cabinets d'études techniques
77.02,conseil_management,Cabinets d'études économiques et sociologiques
77.03,numerique_telecoms,Cabinets d'études informatiques et d'organisation
77.04,numerique_telecoms,Travaux à façon informatiques
77.05,architecture_ingenierie,Cabinets d'architecte
77.06,architecture_ingenierie,Cabinets de métreur et de géomètre
77.07,conseil_management,Cabinets de conseils en information et documentation
77.08,droit,Cabinets juridiques et offices publics et ministériels
77.09,comptabilite_audit,Cabinets d expertise comptable et d analyse financière
77.10,marketing_publicite,Créateurs et intermédiaires en publicité
77.11,marketing_publicite,Régies publicitaires
77.12,services_entreprises,Travaux à façon divers
77.13,services_entreprises,Prestation temporaire de personnel
77.14,services_entreprises,Services divers rendus principalement aux entreprises
77.15,non_classe,Ordres et syndicats professionnels
78.01,banque_finance,Auxiliaires financiers
78.02,assurance,Auxiliaires d'assurances
79.01,immobilier,Promotion immobilière
79.02,immobilier,Promotion en infrastructure (services marchands)
79.03,immobilier,Supports juridiques de programmes
79.04,immobilier,Administration d'immeubles
79.05,immobilier,Administration d'infrastructures
79.06,immobilier,Agences immobilières
80.01,services_entreprises,Location de machines et équipements agricoles
80.02,services_entreprises,Location de matériel pour le bâtiment et les travaux publics
80.03,services_entreprises,Location de matériel de bureau
80.04,services_entreprises,Location de voitures particulières
80.05,services_entreprises,Location de wagons
80.06,services_entreprises,Location de biens de consommation
80.07,banque_finance,Crédit-bail mobilier
80.08,services_entreprises,Location d'autres biens d'équipement
82.01,enseignement_formation,Enseignement général primaire et secondaire (services marchands)
82.02,enseignement_formation,Formation des adultes et formation continue (services marchands)
82.03,enseignement_formation,Autres enseignements spécialisés et professionnels et enseignement supérieur (services marchands)
82.04,enseignement_formation,Enseignement par correspondance (services marchands)
82.05,enseignement_formation,Professeurs indépendants
82.06,enseignement_formation,"Auto-écoles, écoles de pilotage"
83.01,recherche_developpement,Recherche scientifique et technique (services marchands)
66.01,services_personne,Réparation de chaussures et d'autres articles en cuir
66.02,services_personne,Réparation d'appareils électriques pour le ménage
66.03,services_personne,Réparation de montres et horloges de bijouterie
66.04,services_personne,Réparations non désignées ailleurs et sans spécialisation
84.01,sante,Médecine systématique et de dépistage (services marchands)
84.02,sante,Etablissements hospitaliers généraux
84.03,sante,Cliniques générales
84.04,sante,Etablissements hospitaliers spécialisés
84.05,sante,Cliniques spécialisées
84.06,sante,Dispensaires
84.07,sante,Autres instituts pour la santé
84.08,sante,Laboratoires d'analyses médicales extra-hospitaliers
84.09,sante,Centres de transfusion sanguine et banques d'organes
84.10,sante,Cabinets de médecin
84.11,sante,Cabinets dentaires
84.12,sante,Cabinets d'auxiliaires médicaux
84.13,sante,Ambulances
84.14,sante,"Vétérinaires, cliniques vétérinaires"
85.01,medico_social,Crèches
85.02,medico_social,"Etablissements pour l'enfance protégée, handicapée ou inadaptée (services marchands)"
85.03,medico_social,"Etablissements pour adultes nécessiteux, handicapés, ou inadaptés (services marchands)"
85.04,medico_social,Etablissements pour personnes âgées
86.01,edition_medias,Radiodiffusion et télévision
86.02,edition_medias,Production de films
86.03,edition_medias,Distribution de films
86.04,edition_medias,Gestion de salles de cinéma
86.05,culture_sport_loisirs,Gestion de salles de spectacle (services marchands)
86.06,culture_sport_loisirs,Autres spectacles et services récréatifs (services marchands)
86.07,culture_sport_loisirs,Création et interprétation littéraires et artistiques (services marchands)
86.08,culture_sport_loisirs,Services annexes aux spectacles
86.09,culture_sport_loisirs,Jeux de hasard et d'argent
86.10,culture_sport_loisirs,Gestion d'équipements et centres sportifs (services marchands)
86.11,culture_sport_loisirs,Remontées mécaniques
86.12,culture_sport_loisirs,Professeurs de sport et sportifs professionnels
87.01,services_personne,Laverie-blanchisserie-teinturerie de détail
87.02,services_personne,Blanchisserie et teinturerie de gros
87.03,services_personne,Salons de coiffure
87.04,services_personne,Esthétique corporelle
87.05,services_personne,Services funéraires
87.06,services_specialises,Studios de photographie
87.07,services_personne,Services personnels divers
87.08,services_entreprises,Services de nettoyage
87.09,eau_dechets,Enlèvement des ordures (services marchands)
87.10,eau_dechets,Autres services d'assainissement (services marchands)
81.11,immobilier,Location de logements
81.21,immobilier,Location d'immeubles à usages industriels et commerciaux
81.22,banque_finance,Crédit bail immobilier
88.01,assurance,"Assurances ""vie et capitalisation"""
88.02,assurance,"Assurances ""i.a.r.d."""
88.03,assurance,Réassurance
88.04,assurance,Assurances relevant du code de la mutualité
88.05,assurance,Caisses de retraites relevant de la législation sur les assurances
89.01,banque_finance,Instituts d'émission
89.02,banque_finance,"Banques de dépôts, d'affaires, de crédit à long et moyen terme"
89.03,banque_finance,Crédit coopératif et mutuel
89.04,banque_finance,Etablissements financiers et unions économiques
89.05,banque_finance,Organismes financiers à statut légal spécial
89.06,banque_finance,Organismes de répartition d'emprunts collectifs obligataires
89.07,banque_finance,Sociétés de placements en valeurs mobilières
90.01,administration_publique,Pouvoirs publics
90.02,administration_publique,Administration centrale
90.03,administration_publique,Services extérieurs des administrations économiques et financières
90.04,administration_publique,Services extérieurs des autres administrations
90.05,administration_publique,Activités administratives spécialisées diverses
90.11,administration_publique,Administration locale
90.12,administration_publique,Promotion en infrastructure (services non marchands à caractère public)
90.13,administration_publique,Voirie et assainissement (services non marchand à caractère public)
90.21,administration_publique,Cours et tribunaux
90.22,administration_publique,Etablissements pénitentiaires
90.23,administration_publique,Etablissements d'éducation surveillée
90.24,administration_publique,Police nationale
90.25,administration_publique,Protection civile
90.26,administration_publique,Gendarmerie
90.31,administration_publique,Commandements territoriaux militaires
90.32,administration_publique,Forces et infrastructures des forces
90.33,administration_publique,"Dépôts, magasins et organismes d'approvisionnement militaire"
90.34,administration_publique,Ecoles militaires
90.35,administration_publique,Service de santé militaire
90.36,administration_publique,Laboratoires et centres d'essais militaires
91.01,administration_publique,Organismes généraux de la sécurité sociale
91.02,administration_publique,"Sécurité sociale : maladie, maternité, accidents de travail"
91.03,administration_publique,Sécurité sociale : vieillesse
91.04,administration_publique,Caisses de retraites ne relevant pas de la législation sur les assurances
91.05,administration_publique,Sécurité sociale : allocations familiales
91.06,administration_publique,Couverture du risque chômage et autres garanties du maintien du revenu
92.11,enseignement_formation,Enseignement préscolaire (services non marchands à caractère public)
92.12,enseignement_formation,Enseignement élémentaire (services non marchands à caractère public)
92.13,enseignement_formation,Enseignement du second degré premier cycle (services non marchands à caractère public)
92.14,enseignement_formation,Enseignement du second degré second cycle (services non marchands à caractère public)
92.15,enseignement_formation,Enseignement supérieur (services non marchands à caractère public)
92.16,enseignement_formation,Enseignement artistique (services non marchands à caractère public)
92.17,enseignement_formation,Formation de fonctionnaires (services non marchands à caractère public)
92.18,enseignement_formation,Formation des adultes et formation continue (services non marchands à caractère public)
92.21,enseignement_formation,Enseignement.(services non marchands à caractère privé)
93.11,recherche_developpement,Recherche scientifique et technique (services non marchands à caractère public)
93.21,recherche_developpement,Recherche scientifique et technique (services non marchands à caractère privé))
94.11,sante,Médecine systématique et de dépistage (services non marchands à caractère public)
94.21,sante,Médecine systématique et de dépistage (services non marchands à caractère privé))
95.11,medico_social,Organisme locaux d'action sociale (services non marchands à caractère public)
95.12,medico_social,"Etablissements pour l'enfance protégée, handicapée, ou inadaptée (services non marchands à caractère public)"
95.13,medico_social,"Etablissements pour adultes nécessiteux, handicapés, ou inadaptés (services non marchands à caractère public)"
95.21,medico_social,Oeuvres et organismes sociaux à compétence générale (services non marchands à caractère privé)
95.22,medico_social,Oeuvres et organismes sociaux spécialisés (services non marchands à caractère privé)
95.23,medico_social,"Etablissements pour l'enfance protégée, handicapée, inadaptée (services non marchands à caractère privé)"
95.24,medico_social,"Etablissements pour adultes nécessiteux, handicapés ou inadaptés (services non marchands à caractère privé)"
96.11,culture_sport_loisirs,Gestion de bibliothèques (services non marchands à caractère public)
96.12,culture_sport_loisirs,Conservation du patrimoine culturel (services non marchands à caractère public)
96.13,culture_sport_loisirs,Gestion de salles de théâtre (services non marchands à caractère public)
96.14,culture_sport_loisirs,Gestion d'équipements culturels (services non marchands à caractère public)
96.15,culture_sport_loisirs,Gestion d'équipements socio-éducatifs (services non marchands à caractère public)
96.16,culture_sport_loisirs,Associations culturelles et socio-éducatives (services non marchands à caractère public)
96.17,culture_sport_loisirs,Gestion d'équipements sportifs (services non marchands à caractère public)
96.18,culture_sport_loisirs,Associations sportives (services non marchands à caractère public)
96.21,culture_sport_loisirs,Gestion de bibliothèques et conservation du patrimoine culturel (services non marchands à caractère privé)
96.22,culture_sport_loisirs,"Gestion d'équipements culturels, socio-éducatifs et d'autres salles de spectacle (services non marchands à caractère privé)"
96.23,culture_sport_loisirs,Associations culturelles et socio-éducatives (services non marchands à caractère privé)
96.24,culture_sport_loisirs,Gestion d'équipements sportifs (services non marchands à caractère privé)
96.25,culture_sport_loisirs,Associations sportives (services non marchands à caractère privé)
97.11,non_classe,Organisations économiques (services non marchands à caractère public)
97.12,hebergement_tourisme,Offices du tourisme (services non marchands à caractère public)
97.21,non_classe,Organisations syndicales (services non marchands à caractère prive)
97.22,non_classe,Organisations religieuses et philosophiques (services non marchands à caractère privé)
97.23,non_classe,Autres services fournis à la collectivité (services non marchands à caractère privé)
98.01,services_personne,Services domestiques
99.01,administration_publique,Représentation diplomatique étrangère en France ; organismes internationaux
